source,target
ShopeeMY,116Erll
ShopeeMY,1KwrsuQFmRwQMdt
ShopeeMY,4eelvaa14
ShopeeMY,4nsyaa
ShopeeMY,6ZjXAextIUdWuM1
ShopeeMY,7jjjGrmMTkKB0o9
ShopeeMY,88Gemilang
ShopeeMY,88Money1
ShopeeMY,AAeilla
ShopeeMY,AH36mucwssdIb0Q
ShopeeMY,AMAYTHAR7
ShopeeMY,ANN16339299
ShopeeMY,ARMY_jonalyn
ShopeeMY,A_M_LifeStyle
ShopeeMY,AainaMazlan
ShopeeMY,AbdulJalilBinI1
ShopeeMY,Abdulla99952543
ShopeeMY,Abilkaizen
ShopeeMY,Adlin_Diana
ShopeeMY,Ado2jelah
ShopeeMY,Adzhar25813713
ShopeeMY,Aena77693667
ShopeeMY,Aera95Aera
ShopeeMY,AhuaCatherine
ShopeeMY,AidanBaihaqi
ShopeeMY,Aien_tyra00
ShopeeMY,AimanKamal_
ShopeeMY,AizadAizuddin9
ShopeeMY,Aizat_90
ShopeeMY,Ajimitsue
ShopeeMY,AliyaRadz__
ShopeeMY,AmirahUp
ShopeeMY,Amiruddin_wm
ShopeeMY,AmyAfiqa
ShopeeMY,AmyliaAdriana
ShopeeMY,Andywong0320
ShopeeMY,AngelStarResou1
ShopeeMY,Anita2749802587
ShopeeMY,AnnCucutoklegeh
ShopeeMY,AqilaRefpy
ShopeeMY,ArlosVia
ShopeeMY,ArmyNctzenLove1
ShopeeMY,ArsyAK12
ShopeeMY,Ashmawi93
ShopeeMY,Asparagastadamm
ShopeeMY,AsyrafSaleh
ShopeeMY,AthirahZulhilmy
ShopeeMY,Atzys_s
ShopeeMY,Augusti85909687
ShopeeMY,Auniwani4
ShopeeMY,Ayein96
ShopeeMY,AyuuuuAzman
ShopeeMY,AzharCarz
ShopeeMY,AzirahHarun
ShopeeMY,AzliNurazza
ShopeeMY,AzmiMaizura
ShopeeMY,AzzimAliShoberi
ShopeeMY,B0kss04
ShopeeMY,Babytaeri1
ShopeeMY,BaiqShukri
ShopeeMY,Balamur70675582
ShopeeMY,BaninSha
ShopeeMY,BarlowFitzGera2
ShopeeMY,BarnettZachary1
ShopeeMY,BdImall
ShopeeMY,BecherUlysses
ShopeeMY,BingLim7
ShopeeMY,BizFasihah
ShopeeMY,BoothHoward2
ShopeeMY,Bts30652673
ShopeeMY,BukuDakwah
ShopeeMY,CSchya
ShopeeMY,CababagGilbert
ShopeeMY,CakePanetone
ShopeeMY,Calicocatcutey
ShopeeMY,CallMeMrsFatin
ShopeeMY,Candice84773504
ShopeeMY,CaneoMary
ShopeeMY,CartillaAshley
ShopeeMY,Cerrie18
ShopeeMY,CheeSum07
ShopeeMY,CheeseWineRain
ShopeeMY,CikhaZm
ShopeeMY,Cloudyzuu
ShopeeMY,CorianaUmpi
ShopeeMY,CostanillaNardo
ShopeeMY,CrunchYeen
ShopeeMY,DKNHZ5e0PifAucW
ShopeeMY,DSAnita1
ShopeeMY,DaniellaPascua0
ShopeeMY,DarkViviTweets
ShopeeMY,Daya88746466
ShopeeMY,DeanKamall
ShopeeMY,DoonMarniee
ShopeeMY,Dtvconan20
ShopeeMY,ELoveray
ShopeeMY,EajMark
ShopeeMY,EccedentesiastW
ShopeeMY,EdwardD78330831
ShopeeMY,Efarina_rs
ShopeeMY,EllenAl70227860
ShopeeMY,Elvie43280422
ShopeeMY,Elvis_kings01
ShopeeMY,Enchantress238
ShopeeMY,EncheMarchisio
ShopeeMY,EnchikLobo
ShopeeMY,ErnaMer
ShopeeMY,Eva_susu7
ShopeeMY,ExpeditionistS3
ShopeeMY,EzaBBjer
ShopeeMY,EzudinAzim
ShopeeMY,FadzlyHipni
ShopeeMY,FaeLulla
ShopeeMY,FakhruddinFiqri
ShopeeMY,Faozhi_if
ShopeeMY,FarahDunkin
ShopeeMY,Farahhroslann
ShopeeMY,Faridahmatnor1
ShopeeMY,FatahElrahmanM1
ShopeeMY,FatihahCRuzman
ShopeeMY,Fatimah15261683
ShopeeMY,FeenaMeil
ShopeeMY,Fienuts
ShopeeMY,FiezaHanif
ShopeeMY,FikiDrmwn_
ShopeeMY,Fikri45965737
ShopeeMY,Fine_Gold_999
ShopeeMY,Frenzieyahooco1
ShopeeMY,FuzaRuslan
ShopeeMY,Gonzales1262
ShopeeMY,GosebbyS
ShopeeMY,GyuMrs
ShopeeMY,HaCkim_Aiman
ShopeeMY,HaikalD04610145
ShopeeMY,HanEunKyo4
ShopeeMY,Har47777525
ShopeeMY,HardyBo05027971
ShopeeMY,HarveyLynn6
ShopeeMY,Hasanah25534710
ShopeeMY,HayoungApink7
ShopeeMY,HazzierinaWan
ShopeeMY,Hellotuahliana1
ShopeeMY,Henny873
ShopeeMY,Heyitsfatur
ShopeeMY,HhSouq
ShopeeMY,Hidozu1
ShopeeMY,HilmiAlHusaini_
ShopeeMY,HlaMyoKyaw20
ShopeeMY,Honuyuya1
ShopeeMY,HudaNurul236
ShopeeMY,HuzainiNisa
ShopeeMY,HwaYunjongho
ShopeeMY,Idgafidiard
ShopeeMY,IekaMimi
ShopeeMY,Ihsan7377
ShopeeMY,Ila_NashDean
ShopeeMY,IliImanina
ShopeeMY,ImanAbdulRahim
ShopeeMY,ImanSyahmy
ShopeeMY,ImasMualimah
ShopeeMY,Imranhzim
ShopeeMY,Inaraaa_17
ShopeeMY,InfoShopee_ID
ShopeeMY,InthehouseMika
ShopeeMY,Iryz7
ShopeeMY,IsnoraGusti
ShopeeMY,ItjeHandayani
ShopeeMY,Itsmejames991
ShopeeMY,Iyanazaralysa_
ShopeeMY,Izzatijefri_
ShopeeMY,JaMew0221
ShopeeMY,Jaehwa92288541
ShopeeMY,JailaniAfrina
ShopeeMY,JaketMudin
ShopeeMY,JavaKem
ShopeeMY,Jazzmine_jessy
ShopeeMY,JeffreyLeo18
ShopeeMY,Jelly23951613
ShopeeMY,Jia_rizaira
ShopeeMY,Jiameiiiiiii
ShopeeMY,Jivox
ShopeeMY,Johnjonyjonat
ShopeeMY,Johnson54140583
ShopeeMY,KKrukk
ShopeeMY,KMayJoon
ShopeeMY,KamalOsm8
ShopeeMY,KashonMY
ShopeeMY,KeedalSabrie
ShopeeMY,KerolCik
ShopeeMY,Keyyara_Ophelia
ShopeeMY,Khairulzakirin6
ShopeeMY,KherulNixam
ShopeeMY,KillaEun
ShopeeMY,Klubiee
ShopeeMY,Kr759956949
ShopeeMY,Kttyong
ShopeeMY,KucingssM
ShopeeMY,Kweenysyaz
ShopeeMY,Kyushhi1
ShopeeMY,L0l4_InX
ShopeeMY,LADYRR2011
ShopeeMY,LEQ_new
ShopeeMY,LL3HowfgplbkT9c
ShopeeMY,Lagenda_Novel
ShopeeMY,LalaAngel7
ShopeeMY,Lalaput3ri
ShopeeMY,LeeLieen
ShopeeMY,Leeyaa21155624
ShopeeMY,Leigh309805
ShopeeMY,LiendaMirae
ShopeeMY,LijingYow
ShopeeMY,LimJunYao1
ShopeeMY,LimPeter
ShopeeMY,Lisanna70060153
ShopeeMY,Liyong20875831
ShopeeMY,Lolicon125
ShopeeMY,Lulu_nurjanah_
ShopeeMY,Luvylynn1
ShopeeMY,LydiabrianG
ShopeeMY,MASH1392
ShopeeMY,MASLAM31570448
ShopeeMY,MIB33R
ShopeeMY,MICHAEL68069818
ShopeeMY,MMew2020
ShopeeMY,MNrdayu
ShopeeMY,MRA_ridh96wan
ShopeeMY,MRhafiz53900039
ShopeeMY,MSBUILDERSErMS1
ShopeeMY,MYlifexxxkenxxx
ShopeeMY,MZulkiman
ShopeeMY,M_Suhail02
ShopeeMY,Mahathi04271259
ShopeeMY,MassiouV
ShopeeMY,MatAripyep
ShopeeMY,Mayjuneeee
ShopeeMY,MazlanDeena
ShopeeMY,Mcleod78815300
ShopeeMY,MegaHygiene
ShopeeMY,MeghaRaman
ShopeeMY,Menisme1
ShopeeMY,MerdekaSuara
ShopeeMY,Mimiejanee
ShopeeMY,MinghaosGirl_
ShopeeMY,Missaishazehra1
ShopeeMY,Mohamma71573936
ShopeeMY,MokhtarHamizi
ShopeeMY,MomoiRyn93
ShopeeMY,MrShah89
ShopeeMY,Muchlis46388402
ShopeeMY,Muhamma04200503
ShopeeMY,MuhammadHarizH3
ShopeeMY,MukhreM
ShopeeMY,Munnahafizah
ShopeeMY,MurugesanINDIA
ShopeeMY,MutiaWidyaSari1
ShopeeMY,MutiaraTsaniaf
ShopeeMY,Mvak5JkOj42D8jx
ShopeeMY,MyEcoTech1
ShopeeMY,MysaraAdriana
ShopeeMY,NOELQUEZON
ShopeeMY,NQyiTyw04ODerWb
ShopeeMY,NabellaZainudin
ShopeeMY,Nadia_syamimi
ShopeeMY,NajibHaris22
ShopeeMY,Naufal71131589
ShopeeMY,NauraBatari
ShopeeMY,NenaSuhaimi_
ShopeeMY,NieFeng80
ShopeeMY,NoralinaLina1
ShopeeMY,Norazli44809547
ShopeeMY,Norfazilaramli
ShopeeMY,Noyo4Jiu
ShopeeMY,NurAzizOnline
ShopeeMY,NurfaindahSiti
ShopeeMY,Nurizzati671
ShopeeMY,Nuruzana8
ShopeeMY,OmmaSaranghe
ShopeeMY,OneAndOnlyIZONE
ShopeeMY,ParkchuO
ShopeeMY,Peterpa22448475
ShopeeMY,PhLollipop
ShopeeMY,Pianaaaa1
ShopeeMY,PikaSakri
ShopeeMY,Popeye79282422
ShopeeMY,Pratama82Adhy
ShopeeMY,PreciousWoonie
ShopeeMY,PuanLiza
ShopeeMY,Q0aG4Gh205vYrFH
ShopeeMY,QILAQLA
ShopeeMY,Qisya_17
ShopeeMY,RJNual
ShopeeMY,RKhaybar
ShopeeMY,Rahmawati10081
ShopeeMY,RainIsLikeTears
ShopeeMY,Rajesh97942307
ShopeeMY,Rantung111
ShopeeMY,RazaliHusaini1
ShopeeMY,RealAbcede
ShopeeMY,RiaRama_26
ShopeeMY,Ridwan0001a
ShopeeMY,RifaieThaqif
ShopeeMY,RizalMurad
ShopeeMY,RodliyahH
ShopeeMY,Roma48675090
ShopeeMY,Ronymoly1
ShopeeMY,Rufaqak
ShopeeMY,RveilL
ShopeeMY,Ryllye
ShopeeMY,SCsilpakorn
ShopeeMY,SNdaughter61
ShopeeMY,SSMB89
ShopeeMY,SabakSalaiHQ
ShopeeMY,Safri_Shaha
ShopeeMY,Saharud41381627
ShopeeMY,Sajafaizv
ShopeeMY,Sarah56891980
ShopeeMY,SarjenRigby
ShopeeMY,SasakPrimitive
ShopeeMY,Sday_23
ShopeeMY,Sedangmerantau
ShopeeMY,SembangAkaun
ShopeeMY,Shafiqjaiman08
ShopeeMY,Shannie87192088
ShopeeMY,ShareDot_Com
ShopeeMY,Shazmie10
ShopeeMY,Shoopee7
ShopeeMY,ShopeeCare6
ShopeeMY,ShopeeMX
ShopeeMY,ShweyaungA
ShopeeMY,Siti_kuanlin_05
ShopeeMY,Sitialiani30
ShopeeMY,SmithEr04667110
ShopeeMY,SnsdExoBts_
ShopeeMY,Someone2601
ShopeeMY,SooYaa02785609
ShopeeMY,Stanley74045358
ShopeeMY,Stinrhdyhh
ShopeeMY,Strange_F_Life
ShopeeMY,Sue83772173
ShopeeMY,SueAzeeza
ShopeeMY,Suju1004Elf
ShopeeMY,SurainaYana
ShopeeMY,SyafinazRzk
ShopeeMY,SyafitriS
ShopeeMY,SyahiraaAzizz
ShopeeMY,Syaufihani
ShopeeMY,TOfficialsg
ShopeeMY,TankianSeng24
ShopeeMY,Tedy81994868
ShopeeMY,ThaiiiiMagician
ShopeeMY,TheMoonHerald
ShopeeMY,Thinagaranthi15
ShopeeMY,TioniRM
ShopeeMY,TirahZzaini
ShopeeMY,Tom_Likes_Games
ShopeeMY,Venus59819105
ShopeeMY,VivekananthaC
ShopeeMY,Vivi_Bernal7
ShopeeMY,VwFCF0LT9xoEM2e
ShopeeMY,WanAj02
ShopeeMY,Weynssi
ShopeeMY,Weyyoo4
ShopeeMY,XCE1GInpkA5N3Qj
ShopeeMY,Xtylish68044452
ShopeeMY,YBDATOMRAVI
ShopeeMY,YSonmia
ShopeeMY,Yes4G
ShopeeMY,YohanesL3
ShopeeMY,Ytriz7w01SOBC6R
ShopeeMY,YusofAhmad
ShopeeMY,Zaman61494862
ShopeeMY,Zara04234461
ShopeeMY,Zimzalabieemajh
ShopeeMY,Zufayri_22
ShopeeMY,Zulkifl24981807
ShopeeMY,Zull_fikarzul
ShopeeMY,_BTSxARMY_123
ShopeeMY,__syrf
ShopeeMY,_adamsabri
ShopeeMY,_ahmad_tirmizi
ShopeeMY,_ainaa17_
ShopeeMY,_ainaaaaak
ShopeeMY,_azirahatta
ShopeeMY,_cheolling
ShopeeMY,_gadisaprill
ShopeeMY,_izzatielia
ShopeeMY,_joehanafi
ShopeeMY,_moo_19
ShopeeMY,_myungjunnie_
ShopeeMY,_naddddzirah
ShopeeMY,_nblhj
ShopeeMY,_nedxander
ShopeeMY,_nisanny
ShopeeMY,_nrnaimahhshim
ShopeeMY,_nsyahidahh
ShopeeMY,_wxnderer
ShopeeMY,_xnblhx
ShopeeMY,aDesignOrange
ShopeeMY,aZrYnNaZaNi
ShopeeMY,a_amiraqqim
ShopeeMY,aaadibbbaaaH
ShopeeMY,aathomato
ShopeeMY,aawarazmi
ShopeeMY,aazrihafizi
ShopeeMY,abbie_yin
ShopeeMY,abudzarprusbn
ShopeeMY,acapdesouza
ShopeeMY,acikzaty
ShopeeMY,acrowmemories
ShopeeMY,adeen767
ShopeeMY,adhmlee
ShopeeMY,adindaa11580451
ShopeeMY,adithyawilson
ShopeeMY,adlina_8m1t
ShopeeMY,adzren
ShopeeMY,aen_iam
ShopeeMY,aepr_b
ShopeeMY,affinmohdnor
ShopeeMY,affuankhanafi
ShopeeMY,afienanano
ShopeeMY,afiqahnasirxx
ShopeeMY,ahmadfaiznordin
ShopeeMY,ahmadhafiyy
ShopeeMY,ahxian5113
ShopeeMY,ahyel9
ShopeeMY,aida_angah
ShopeeMY,aiiiinnnnnnnn
ShopeeMY,aijazfaisal
ShopeeMY,aimihiroo
ShopeeMY,aindurrahh
ShopeeMY,aininsofiyaas
ShopeeMY,ainnursuehain
ShopeeMY,aisyahrehmanz
ShopeeMY,aixia1305
ShopeeMY,aizamadesu
ShopeeMY,aj_aeyjae_
ShopeeMY,akazukiichacha
ShopeeMY,aleqxier92
ShopeeMY,alexngu94
ShopeeMY,aliayasmine
ShopeeMY,alienoxbluefrog
ShopeeMY,alliyahnur4
ShopeeMY,alsharkto
ShopeeMY,alszyn
ShopeeMY,alysyashsh
ShopeeMY,ameliasyaheera
ShopeeMY,amenggggg
ShopeeMY,amiraamahat
ShopeeMY,amiraixat
ShopeeMY,amrhxzt
ShopeeMY,aneptheofficial
ShopeeMY,anisznizaa
ShopeeMY,annasyahidatul
ShopeeMY,annheepetal
ShopeeMY,annisazwani
ShopeeMY,ansnatasyaa
ShopeeMY,apisulaiman
ShopeeMY,ara_cixhun
ShopeeMY,ardiartma
ShopeeMY,arelya2510
ShopeeMY,arfahaziqah02
ShopeeMY,arfaheffa
ShopeeMY,arfahhannani
ShopeeMY,arikiciki
ShopeeMY,armaanfarihin05
ShopeeMY,ars67923903
ShopeeMY,arsharomanov_
ShopeeMY,aseymamamamamoo
ShopeeMY,ashmlek_
ShopeeMY,asirahazmy
ShopeeMY,asknarsd
ShopeeMY,asmaabdul_a
ShopeeMY,assearaaa
ShopeeMY,astina_zaka
ShopeeMY,asyahrulh
ShopeeMY,athikaaah
ShopeeMY,athiqahjohari
ShopeeMY,atikahdanian
ShopeeMY,atiqah_azli
ShopeeMY,ayeeenggggg
ShopeeMY,ayeewuu
ShopeeMY,ayusaaidin20
ShopeeMY,aziey_dawanie
ShopeeMY,azliyanz83
ShopeeMY,azmeerasri
ShopeeMY,azrihaikal46
ShopeeMY,azrilamirul1
ShopeeMY,azrulazuan88
ShopeeMY,bAe__2000510
ShopeeMY,babykekero
ShopeeMY,baitisulaiman
ShopeeMY,balkhishh
ShopeeMY,balqisibrahim11
ShopeeMY,bespectacle_d
ShopeeMY,bestkindoftrash
ShopeeMY,bigcatnergy
ShopeeMY,blqsz02
ShopeeMY,bluemoonxElf
ShopeeMY,bmegirl_
ShopeeMY,bohpi
ShopeeMY,bradermantiq
ShopeeMY,breenabeauty
ShopeeMY,btrflyei8ht
ShopeeMY,btsq_twt
ShopeeMY,budaksabaq
ShopeeMY,bukutigalima555
ShopeeMY,bunbil_
ShopeeMY,bunnieytrap
ShopeeMY,byuls_1222
ShopeeMY,cakenisyou
ShopeeMY,chaa_md01
ShopeeMY,chae13_yann
ShopeeMY,charlinemallor3
ShopeeMY,cheqyayah
ShopeeMY,chingutopokkii
ShopeeMY,chocmagma
ShopeeMY,chocojaraddict_
ShopeeMY,chuju328
ShopeeMY,cikalone89
ShopeeMY,ciknadotdot
ShopeeMY,cixbaely
ShopeeMY,claykimbell
ShopeeMY,coffeelattle
ShopeeMY,consumer_mcm
ShopeeMY,cookie14022017
ShopeeMY,cookiesbyam
ShopeeMY,coverline89
ShopeeMY,daveetannn
ShopeeMY,davidchungwung
ShopeeMY,daydream_seven
ShopeeMY,daysgonebeh
ShopeeMY,ddalilaa
ShopeeMY,ddeulgikim
ShopeeMY,deka_rafassya
ShopeeMY,deluxyanne
ShopeeMY,denis_chow
ShopeeMY,deorunner
ShopeeMY,designantora16
ShopeeMY,dewi_sury
ShopeeMY,dionaldo_pierre
ShopeeMY,diyana_tahir
ShopeeMY,dllptndng
ShopeeMY,do_glassng
ShopeeMY,doit4lyfe1
ShopeeMY,dontyoudarehun
ShopeeMY,dov_Now
ShopeeMY,dyrazol
ShopeeMY,dzaidzubir
ShopeeMY,earlgreyy_
ShopeeMY,ecahzuli1
ShopeeMY,echanxoxo
ShopeeMY,edanial97
ShopeeMY,eddarose99
ShopeeMY,eddilfz
ShopeeMY,eekkrroommiiee
ShopeeMY,eggkans
ShopeeMY,eitasophia
ShopeeMY,emannnabila_
ShopeeMY,emasardonyx
ShopeeMY,embersss_
ShopeeMY,encikzahid
ShopeeMY,enko_ethan
ShopeeMY,enorrwaheeda
ShopeeMY,enriquedanny
ShopeeMY,error404_28
ShopeeMY,euibaekwr
ShopeeMY,eztraf
ShopeeMY,ezzding
ShopeeMY,fabia71703975
ShopeeMY,fadlisailan
ShopeeMY,faezdanial_
ShopeeMY,faizala2017
ShopeeMY,faiziradzi
ShopeeMY,faizrozi_
ShopeeMY,family_ooo
ShopeeMY,fanabqihh
ShopeeMY,farahnotmuggle
ShopeeMY,farazakaria72
ShopeeMY,farhana_nfm
ShopeeMY,farhaniskandarq
ShopeeMY,farynn01
ShopeeMY,fatin97mastura
ShopeeMY,fatinfatih4h_
ShopeeMY,fatinxelyana
ShopeeMY,fazainfaz
ShopeeMY,fazrulkhan
ShopeeMY,februarydino
ShopeeMY,fedenciometran2
ShopeeMY,felix_jianwei
ShopeeMY,fiqanazrin
ShopeeMY,fiqveo
ShopeeMY,firrahz02
ShopeeMY,fitrisyaamanda
ShopeeMY,fluffyjunhao
ShopeeMY,flytnc2020
ShopeeMY,fourwantfive
ShopeeMY,fqsyafiqka
ShopeeMY,fsmumu0104
ShopeeMY,fuck_you1738
ShopeeMY,furushihara
ShopeeMY,greenturtle_
ShopeeMY,gudeiary
ShopeeMY,hadhinah_hafas
ShopeeMY,hafieyz3
ShopeeMY,hafizuddinsw
ShopeeMY,hafizwtf
ShopeeMY,hairie46
ShopeeMY,hananfaizure
ShopeeMY,hananiadzim
ShopeeMY,hananotana
ShopeeMY,hangrygang
ShopeeMY,hansolbonon
ShopeeMY,hanzgadget
ShopeeMY,harascaah
ShopeeMY,harithshafiq2
ShopeeMY,harmoniewong
ShopeeMY,hattamikael
ShopeeMY,haziqfarhan03
ShopeeMY,hazwaans
ShopeeMY,heykiki_20
ShopeeMY,hgrygrl
ShopeeMY,hi_joohyunbae
ShopeeMY,hidayahlian
ShopeeMY,hilmi_eraser
ShopeeMY,hiwonna
ShopeeMY,hoenamxd
ShopeeMY,hongpengilt
ShopeeMY,hoshua8_
ShopeeMY,hui_ong0307
ShopeeMY,hussainhra
ShopeeMY,huzaifihasnol
ShopeeMY,hwangshua
ShopeeMY,hyizz4h
ShopeeMY,hyucknom
ShopeeMY,hyunjae_bf
ShopeeMY,hzqzf
ShopeeMY,iam_cleverr
ShopeeMY,iamhaikalimran
ShopeeMY,ibnu_jamal
ShopeeMY,ibuasmanah
ShopeeMY,icepenguu
ShopeeMY,ilabushopee
ShopeeMY,ilyaaa94
ShopeeMY,ilyasnewbie
ShopeeMY,ilynrhmn
ShopeeMY,imani_alifa
ShopeeMY,imransuhaimi__
ShopeeMY,imzcchan
ShopeeMY,inazallya
ShopeeMY,iqajamaludin
ShopeeMY,irapinkybabes
ShopeeMY,iris_0406
ShopeeMY,irishzqah
ShopeeMY,irisreticulate
ShopeeMY,irohaxiaobaobao
ShopeeMY,itsazriens
ShopeeMY,itsdia
ShopeeMY,itsmeyushanita
ShopeeMY,itsreyesj
ShopeeMY,itsxzyra
ShopeeMY,iwan99950
ShopeeMY,izshah4
ShopeeMY,izzahamzan
ShopeeMY,izzatsamem
ShopeeMY,izztnjmi
ShopeeMY,jShea117
ShopeeMY,jajawahyuda
ShopeeMY,jasiah_cha
ShopeeMY,jeetoothegee
ShopeeMY,jimanxx
ShopeeMY,jiminieeeoo
ShopeeMY,jimmmba
ShopeeMY,jinsoulowo
ShopeeMY,jisunglipbalm
ShopeeMY,jjiieexxii
ShopeeMY,jjjinieeemoon
ShopeeMY,joeypandaa
ShopeeMY,juhyunpretty
ShopeeMY,junetheseven
ShopeeMY,jungw0ogf
ShopeeMY,junnayip
ShopeeMY,jvpointmy
ShopeeMY,k_banhawy
ShopeeMY,karimah_isti
ShopeeMY,katakpetir
ShopeeMY,kaylayiyi
ShopeeMY,kemenyan1234
ShopeeMY,khaifitz07
ShopeeMY,khyrulazrey_
ShopeeMY,kicapkeychup
ShopeeMY,kihhiscute
ShopeeMY,kikojoe_epul
ShopeeMY,knl418
ShopeeMY,kringsorns
ShopeeMY,kupu2diatasatap
ShopeeMY,kyungseungji55
ShopeeMY,leayanaaa_
ShopeeMY,lengkuashijau1
ShopeeMY,lengthloy
ShopeeMY,leon07081
ShopeeMY,levi_mayihlome
ShopeeMY,lil4lan9
ShopeeMY,lilyoongi89
ShopeeMY,littleboyzy
ShopeeMY,lixfinity
ShopeeMY,liyana_mel
ShopeeMY,llyxxc
ShopeeMY,loeyislove1127
ShopeeMY,lolipopboy68
ShopeeMY,luvieya
ShopeeMY,lyaraamira
ShopeeMY,m_lolytrovillsz
ShopeeMY,mackhiro03201
ShopeeMY,madlullabyss
ShopeeMY,maefaa1
ShopeeMY,marcusquebitch
ShopeeMY,may_maylion
ShopeeMY,maybeEther
ShopeeMY,mdihamohd
ShopeeMY,mdsyahiran75
ShopeeMY,meiqinliu1
ShopeeMY,mhizmaryz
ShopeeMY,minara202
ShopeeMY,mindlocking
ShopeeMY,minimies_en
ShopeeMY,minimies_txt
ShopeeMY,minimies_vk
ShopeeMY,minimimhie
ShopeeMY,mira_nani98
ShopeeMY,miratehais
ShopeeMY,miss_ryanna
ShopeeMY,misseynaaaa
ShopeeMY,misssar19237805
ShopeeMY,misstheknees
ShopeeMY,miv_01
ShopeeMY,mmmluv61914
ShopeeMY,mn_fitrah
ShopeeMY,mnrhanani
ShopeeMY,moaatyun
ShopeeMY,mochinyamnyam
ShopeeMY,mookiemons
ShopeeMY,mr_ameet
ShopeeMY,mrbabuk90
ShopeeMY,mrbarosy
ShopeeMY,mrissaaaa
ShopeeMY,mrrfoxtrot
ShopeeMY,mshoaibawan07
ShopeeMY,muazmuttalib
ShopeeMY,muhamma24537271
ShopeeMY,muhamma51028749
ShopeeMY,muhd_hamzie
ShopeeMY,muhdhlkyu
ShopeeMY,muhdirfanrosli
ShopeeMY,muzakirrmy
ShopeeMY,myalia12
ShopeeMY,mydearhyunsukie
ShopeeMY,mysarabella
ShopeeMY,mysavageboi
ShopeeMY,nabilisme19
ShopeeMY,naddylovesyou
ShopeeMY,nadiaroslannn
ShopeeMY,nadzmi_naimzz
ShopeeMY,nadzmiendes
ShopeeMY,naimalkalantani
ShopeeMY,naiong_wine
ShopeeMY,najlamysrh
ShopeeMY,nalisyaaaaa
ShopeeMY,namasayacempaka
ShopeeMY,naniebeela
ShopeeMY,nanjemii
ShopeeMY,nasilemak4life
ShopeeMY,nasywaurely
ShopeeMY,naziranasrie
ShopeeMY,nellieath
ShopeeMY,neufkhazanah
ShopeeMY,neverend77
ShopeeMY,neykehcni
ShopeeMY,nezz_mu
ShopeeMY,ngamcafe
ShopeeMY,nhdayah__
ShopeeMY,nicodammn
ShopeeMY,nihelos93
ShopeeMY,nikkk_amirul
ShopeeMY,nisaerenj
ShopeeMY,nisoniyaa
ShopeeMY,nizamauliyak
ShopeeMY,nizarsalleh94
ShopeeMY,noldzdagreat
ShopeeMY,noranisah__
ShopeeMY,norazamkeling_
ShopeeMY,nothing_simply
ShopeeMY,nr4mxlxn
ShopeeMY,nrafifh732
ShopeeMY,nratiraa_
ShopeeMY,nrdyms
ShopeeMY,nrfqhj
ShopeeMY,nrlftia
ShopeeMY,nrulfr
ShopeeMY,nrulysri
ShopeeMY,nsyakirah10
ShopeeMY,nunaakim_
ShopeeMY,nurcahy19274828
ShopeeMY,nurelaien
ShopeeMY,nurfarahfarizah
ShopeeMY,nurfatasya
ShopeeMY,nurizwa19072999
ShopeeMY,nurrfatehaa_
ShopeeMY,nurul9769
ShopeeMY,nurulainnaa95
ShopeeMY,nurulshazwanny
ShopeeMY,nurulsyxkila
ShopeeMY,nyinaa1
ShopeeMY,oPIFLAoFOU0izZ4
ShopeeMY,ohjenal
ShopeeMY,ohnimchill
ShopeeMY,onminho1209
ShopeeMY,papercuts_shop
ShopeeMY,parkjookie
ShopeeMY,passio_nick
ShopeeMY,pauradeLuna
ShopeeMY,peachleah_
ShopeeMY,pedro112121
ShopeeMY,penguinnnsoo
ShopeeMY,penny_kring
ShopeeMY,peppersha1
ShopeeMY,perkxsabumi
ShopeeMY,peyyzhen
ShopeeMY,phinterpaner
ShopeeMY,pinkyellow4849
ShopeeMY,pro_street87
ShopeeMY,pumpkinvibing
ShopeeMY,putkim_
ShopeeMY,pwettyskin
ShopeeMY,qianhuiviiix
ShopeeMY,qiden_azraei
ShopeeMY,queeny_fancy3
ShopeeMY,rachelyty1029
ShopeeMY,rahimzaheerx
ShopeeMY,rainnadhira
ShopeeMY,ram72616d
ShopeeMY,ramlankru
ShopeeMY,raraa_35
ShopeeMY,rararawrr_
ShopeeMY,razlinayin
ShopeeMY,rebely_
ShopeeMY,redbeanhao
ShopeeMY,reeennnn_
ShopeeMY,reezalashburn
ShopeeMY,regardedilla
ShopeeMY,rekomenbelanja
ShopeeMY,reyewsables
ShopeeMY,ricafort_vicky
ShopeeMY,richantae
ShopeeMY,ridhau92
ShopeeMY,rinieysrlnee
ShopeeMY,rinluveiz
ShopeeMY,rismafatti
ShopeeMY,rizainadiah
ShopeeMY,rose_ulpindo
ShopeeMY,rovers9MY
ShopeeMY,ry0__69
ShopeeMY,rzmlnghn
ShopeeMY,sNSR___
ShopeeMY,samuelngu87
ShopeeMY,sarahharonz_
ShopeeMY,sarahheyyyo
ShopeeMY,saraleelss
ShopeeMY,sarfynaazario
ShopeeMY,sbetan2000
ShopeeMY,sebuahtandaa
ShopeeMY,secrethujan
ShopeeMY,seetea_ArH
ShopeeMY,sefmorales
ShopeeMY,seguera_a
ShopeeMY,sekilasmentari
ShopeeMY,senny8747
ShopeeMY,seo_dalmia
ShopeeMY,shaari111
ShopeeMY,shalizazuraimi
ShopeeMY,shesyana
ShopeeMY,shiinkiier
ShopeeMY,shilaromales
ShopeeMY,shine_1302
ShopeeMY,shopeeholic
ShopeeMY,shyxzah_
ShopeeMY,silentkiller07_
ShopeeMY,sitisalwa05
ShopeeMY,sixsenseent
ShopeeMY,sj18201
ShopeeMY,skindutti_ann
ShopeeMY,skzxki
ShopeeMY,sleepyyheadg
ShopeeMY,smileqnx
ShopeeMY,snazzybizarre
ShopeeMY,soarsido_
ShopeeMY,sofiliciousmy
ShopeeMY,solehreborn
ShopeeMY,solehudinrosman
ShopeeMY,sopethebrocolli
ShopeeMY,spolcyc11
ShopeeMY,srhsunwoo
ShopeeMY,subhawa_sanjaya
ShopeeMY,sue_hyda
ShopeeMY,suquansusu
ShopeeMY,svtmin9yu17
ShopeeMY,sweetp_nct
ShopeeMY,syafiqaazhar
ShopeeMY,syafiqizzxt
ShopeeMY,syafique
ShopeeMY,syahirahnjw
ShopeeMY,syamimsyufiana
ShopeeMY,syaufillahdani3
ShopeeMY,syedamir
ShopeeMY,syhoneysuckle
ShopeeMY,sykalnzasana3
ShopeeMY,syuhada5050
ShopeeMY,szabarie
ShopeeMY,taehyungiewie
ShopeeMY,taisi895
ShopeeMY,tarzanmelayu
ShopeeMY,tashamiera1
ShopeeMY,taufiqmidi
ShopeeMY,tbzmclj
ShopeeMY,tckgary
ShopeeMY,tehaha_
ShopeeMY,tennectar
ShopeeMY,tepennnyakki
ShopeeMY,tg_izzuddin
ShopeeMY,theghrack
ShopeeMY,thewafism
ShopeeMY,thiskidcantstop
ShopeeMY,tiekahrhm
ShopeeMY,tikah95086462
ShopeeMY,tilamkakabu
ShopeeMY,tnmzzz
ShopeeMY,tokayah_bangi
ShopeeMY,tomorin4270gma1
ShopeeMY,tonetteee1
ShopeeMY,tumbljm
ShopeeMY,tumpik_pisang_2
ShopeeMY,tweetedbynoah
ShopeeMY,twinkle_shownu
ShopeeMY,tyrayuyu
ShopeeMY,ub3y
ShopeeMY,umairahnas
ShopeeMY,unkl347
ShopeeMY,uulmsmnwm
ShopeeMY,vOkctuoQnH6pnpL
ShopeeMY,vertilova
ShopeeMY,viannaarosee
ShopeeMY,vimmmmmmmmmm
ShopeeMY,vleeya2
ShopeeMY,vouzrose
ShopeeMY,wP0AuzkKFILw12c
ShopeeMY,wakpizsme
ShopeeMY,walking_moons
ShopeeMY,wanda_anderlina
ShopeeMY,waniaqqq
ShopeeMY,wanita_menulis
ShopeeMY,wanny0707
ShopeeMY,wavytira
ShopeeMY,wawabellaa
ShopeeMY,wawawongg_
ShopeeMY,wawuzAF
ShopeeMY,weedawaldorf
ShopeeMY,whiteTime68
ShopeeMY,wing_meng
ShopeeMY,wnainajwa
ShopeeMY,wnmaisaraaa
ShopeeMY,wongjianwen2
ShopeeMY,wootinyyy2
ShopeeMY,xmrjml
ShopeeMY,xnursyahirahx
ShopeeMY,xordy
ShopeeMY,yanaamuhd
ShopeeMY,yanaqila_
ShopeeMY,yayalanddd
ShopeeMY,yenderellaaaaa
ShopeeMY,yohan_kim9922
ShopeeMY,yonglishen
ShopeeMY,yoonnisa_
ShopeeMY,younghe68534192
ShopeeMY,yujivie
ShopeeMY,yuliaputr
ShopeeMY,yumiyoongie
ShopeeMY,yy201120
ShopeeMY,zafirxhzainxl_
ShopeeMY,zaimahzulkefli
ShopeeMY,zakwannur
ShopeeMY,zammm1992
ShopeeMY,zati_bulian
ShopeeMY,zatiemimi
ShopeeMY,zay_yarko
ShopeeMY,zbellaana
ShopeeMY,zg8z3WvPUKMSfuA
ShopeeMY,zhtec14911491
ShopeeMY,ziemohamad
ShopeeMY,zieruliffa
ShopeeMY,zimirene
ShopeeMY,zukhairi17
ShopeeMY,ShopeeID
ShopeeMY,ShopeePH
ShopeeMY,ShopeeSG
ShopeeMY,ShopeeTH
ShopeeMY,ShopeeTW
ShopeeMY,ShopeeVN
Ashmawi93,ShopeeID
Elvis_kings01,ShopeeID
ExpeditionistS3,ShopeeID
Faozhi_if,ShopeeID
Farahhroslann,ShopeeID
FatahElrahmanM1,ShopeeID
Fatimah15261683,ShopeeID
FikiDrmwn_,ShopeeID
Heyitsfatur,ShopeeID
ImasMualimah,ShopeeID
InfoShopee_ID,ShopeeID
IsnoraGusti,ShopeeID
ItjeHandayani,ShopeeID
Itsmejames991,ShopeeID
JaketMudin,ShopeeID
Jelly23951613,ShopeeID
Johnson54140583,ShopeeID
KeedalSabrie,ShopeeID
LEQ_new,ShopeeID
Leeyaa21155624,ShopeeID
Liyong20875831,ShopeeID
Lulu_nurjanah_,ShopeeID
MIB33R,ShopeeID
Muchlis46388402,ShopeeID
MurugesanINDIA,ShopeeID
MutiaWidyaSari1,ShopeeID
NauraBatari,ShopeeID
NurfaindahSiti,ShopeeID
Pratama82Adhy,ShopeeID
Rahmawati10081,ShopeeID
RiaRama_26,ShopeeID
Ridwan0001a,ShopeeID
RodliyahH,ShopeeID
SasakPrimitive,ShopeeID
Sedangmerantau,ShopeeID
Shoopee7,ShopeeID
ShopeeMX,ShopeeID
Siti_kuanlin_05,ShopeeID
Sitialiani30,ShopeeID
SooYaa02785609,ShopeeID
SyafitriS,ShopeeID
TOfficialsg,ShopeeID
Tedy81994868,ShopeeID
VwFCF0LT9xoEM2e,ShopeeID
XCE1GInpkA5N3Qj,ShopeeID
YohanesL3,ShopeeID
Zimzalabieemajh,ShopeeID
_myungjunnie_,ShopeeID
abbie_yin,ShopeeID
adindaa11580451,ShopeeID
adithyawilson,ShopeeID
aepr_b,ShopeeID
ardiartma,ShopeeID
ars67923903,ShopeeID
astina_zaka,ShopeeID
btrflyei8ht,ShopeeID
charlinemallor3,ShopeeID
daysgonebeh,ShopeeID
deka_rafassya,ShopeeID
deluxyanne,ShopeeID
designantora16,ShopeeID
dllptndng,ShopeeID
eztraf,ShopeeID
fazrulkhan,ShopeeID
fedenciometran2,ShopeeID
fsmumu0104,ShopeeID
hongpengilt,ShopeeID
hyunjae_bf,ShopeeID
ibuasmanah,ShopeeID
ilabushopee,ShopeeID
jasiah_cha,ShopeeID
jungw0ogf,ShopeeID
junnayip,ShopeeID
karimah_isti,ShopeeID
kringsorns,ShopeeID
mackhiro03201,ShopeeID
maefaa1,ShopeeID
mhizmaryz,ShopeeID
minimies_en,ShopeeID
minimies_txt,ShopeeID
minimies_vk,ShopeeID
nasywaurely,ShopeeID
nicodammn,ShopeeID
nurcahy19274828,ShopeeID
oPIFLAoFOU0izZ4,ShopeeID
ohnimchill,ShopeeID
phinterpaner,ShopeeID
pro_street87,ShopeeID
queeny_fancy3,ShopeeID
raraa_35,ShopeeID
rekomenbelanja,ShopeeID
ricafort_vicky,ShopeeID
richantae,ShopeeID
rismafatti,ShopeeID
shiinkiier,ShopeeID
sopethebrocolli,ShopeeID
subhawa_sanjaya,ShopeeID
sweetp_nct,ShopeeID
thiskidcantstop,ShopeeID
vOkctuoQnH6pnpL,ShopeeID
vimmmmmmmmmm,ShopeeID
vouzrose,ShopeeID
yumiyoongie,ShopeeID
Elvis_kings01,ShopeeID
ExpeditionistS3,ShopeeID
Faozhi_if,ShopeeID
Farahhroslann,ShopeeID
FatahElrahmanM1,ShopeeID
Fatimah15261683,ShopeeID
FikiDrmwn_,ShopeeID
Heyitsfatur,ShopeeID
ImasMualimah,ShopeeID
InfoShopee_ID,ShopeeID
IsnoraGusti,ShopeeID
ItjeHandayani,ShopeeID
Itsmejames991,ShopeeID
JaketMudin,ShopeeID
Jelly23951613,ShopeeID
Johnson54140583,ShopeeID
KeedalSabrie,ShopeeID
LEQ_new,ShopeeID
Leeyaa21155624,ShopeeID
Liyong20875831,ShopeeID
Lulu_nurjanah_,ShopeeID
MIB33R,ShopeeID
Muchlis46388402,ShopeeID
MurugesanINDIA,ShopeeID
MutiaWidyaSari1,ShopeeID
NauraBatari,ShopeeID
NurfaindahSiti,ShopeeID
Pratama82Adhy,ShopeeID
Rahmawati10081,ShopeeID
RiaRama_26,ShopeeID
Ridwan0001a,ShopeeID
RodliyahH,ShopeeID
SasakPrimitive,ShopeeID
Sedangmerantau,ShopeeID
Shoopee7,ShopeeID
ShopeeMX,ShopeeID
Siti_kuanlin_05,ShopeeID
Sitialiani30,ShopeeID
SooYaa02785609,ShopeeID
SyafitriS,ShopeeID
TOfficialsg,ShopeeID
Tedy81994868,ShopeeID
VwFCF0LT9xoEM2e,ShopeeID
XCE1GInpkA5N3Qj,ShopeeID
YohanesL3,ShopeeID
Zimzalabieemajh,ShopeeID
_myungjunnie_,ShopeeID
abbie_yin,ShopeeID
adindaa11580451,ShopeeID
adithyawilson,ShopeeID
aepr_b,ShopeeID
ardiartma,ShopeeID
ars67923903,ShopeeID
astina_zaka,ShopeeID
btrflyei8ht,ShopeeID
charlinemallor3,ShopeeID
daysgonebeh,ShopeeID
deka_rafassya,ShopeeID
deluxyanne,ShopeeID
designantora16,ShopeeID
dllptndng,ShopeeID
eztraf,ShopeeID
fazrulkhan,ShopeeID
fedenciometran2,ShopeeID
fsmumu0104,ShopeeID
hongpengilt,ShopeeID
hyunjae_bf,ShopeeID
ibuasmanah,ShopeeID
ilabushopee,ShopeeID
jasiah_cha,ShopeeID
jungw0ogf,ShopeeID
junnayip,ShopeeID
karimah_isti,ShopeeID
kringsorns,ShopeeID
mackhiro03201,ShopeeID
maefaa1,ShopeeID
mhizmaryz,ShopeeID
minimies_en,ShopeeID
minimies_txt,ShopeeID
minimies_vk,ShopeeID
nasywaurely,ShopeeID
nicodammn,ShopeeID
nurcahy19274828,ShopeeID
oPIFLAoFOU0izZ4,ShopeeID
ohnimchill,ShopeeID
phinterpaner,ShopeeID
pro_street87,ShopeeID
queeny_fancy3,ShopeeID
raraa_35,ShopeeID
rekomenbelanja,ShopeeID
ricafort_vicky,ShopeeID
richantae,ShopeeID
rismafatti,ShopeeID
shiinkiier,ShopeeID
sopethebrocolli,ShopeeID
subhawa_sanjaya,ShopeeID
sweetp_nct,ShopeeID
thiskidcantstop,ShopeeID
vOkctuoQnH6pnpL,ShopeeID
vimmmmmmmmmm,ShopeeID
vouzrose,ShopeeID
yumiyoongie,ShopeeID
Ashmawi93,ShopeePH
Elvis_kings01,ShopeePH
ExpeditionistS3,ShopeePH
FatahElrahmanM1,ShopeePH
Gonzales1262,ShopeePH
Heyitsfatur,ShopeePH
HlaMyoKyaw20,ShopeePH
ImasMualimah,ShopeePH
Itsmejames991,ShopeePH
Jazzmine_jessy,ShopeePH
Jelly23951613,ShopeePH
Jiameiiiiiii,ShopeePH
Jivox,ShopeePH
Johnson54140583,ShopeePH
Leeyaa21155624,ShopeePH
Liyong20875831,ShopeePH
Lulu_nurjanah_,ShopeePH
MassiouV,ShopeePH
MurugesanINDIA,ShopeePH
NOELQUEZON,ShopeePH
Pratama82Adhy,ShopeePH
Rahmawati10081,ShopeePH
RainIsLikeTears,ShopeePH
Rajesh97942307,ShopeePH
Rantung111,ShopeePH
RealAbcede,ShopeePH
Ridwan0001a,ShopeePH
RodliyahH,ShopeePH
Roma48675090,ShopeePH
Shoopee7,ShopeePH
ShopeeMX,ShopeePH
Siti_kuanlin_05,ShopeePH
Sitialiani30,ShopeePH
SmithEr04667110,ShopeePH
Stanley74045358,ShopeePH
TOfficialsg,ShopeePH
Tedy81994868,ShopeePH
Tom_Likes_Games,ShopeePH
Venus59819105,ShopeePH
VwFCF0LT9xoEM2e,ShopeePH
XCE1GInpkA5N3Qj,ShopeePH
YohanesL3,ShopeePH
_myungjunnie_,ShopeePH
aDesignOrange,ShopeePH
abbie_yin,ShopeePH
adindaa11580451,ShopeePH
aepr_b,ShopeePH
ahyel9,ShopeePH
btrflyei8ht,ShopeePH
charlinemallor3,ShopeePH
coverline89,ShopeePH
daysgonebeh,ShopeePH
deluxyanne,ShopeePH
denis_chow,ShopeePH
designantora16,ShopeePH
dionaldo_pierre,ShopeePH
dllptndng,ShopeePH
fazrulkhan,ShopeePH
fedenciometran2,ShopeePH
firrahz02,ShopeePH
fsmumu0104,ShopeePH
hongpengilt,ShopeePH
ibuasmanah,ShopeePH
ilabushopee,ShopeePH
itsreyesj,ShopeePH
jisunglipbalm,ShopeePH
jungw0ogf,ShopeePH
junnayip,ShopeePH
kringsorns,ShopeePH
kyungseungji55,ShopeePH
mackhiro03201,ShopeePH
mhizmaryz,ShopeePH
minimies_en,ShopeePH
minimies_txt,ShopeePH
minimies_vk,ShopeePH
minimimhie,ShopeePH
miv_01,ShopeePH
nasywaurely,ShopeePH
nicodammn,ShopeePH
ohnimchill,ShopeePH
peachleah_,ShopeePH
penny_kring,ShopeePH
phinterpaner,ShopeePH
pro_street87,ShopeePH
pumpkinvibing,ShopeePH
ricafort_vicky,ShopeePH
richantae,ShopeePH
rismafatti,ShopeePH
sefmorales,ShopeePH
seguera_a,ShopeePH
shiinkiier,ShopeePH
sopethebrocolli,ShopeePH
sweetp_nct,ShopeePH
tonetteee1,ShopeePH
vOkctuoQnH6pnpL,ShopeePH
vimmmmmmmmmm,ShopeePH
vouzrose,ShopeePH
younghe68534192,ShopeePH
zhtec14911491,ShopeePH
Elvis_kings01,ShopeePH
ExpeditionistS3,ShopeePH
FatahElrahmanM1,ShopeePH
Gonzales1262,ShopeePH
Heyitsfatur,ShopeePH
HlaMyoKyaw20,ShopeePH
ImasMualimah,ShopeePH
Itsmejames991,ShopeePH
Jazzmine_jessy,ShopeePH
Jelly23951613,ShopeePH
Jiameiiiiiii,ShopeePH
Jivox,ShopeePH
Johnson54140583,ShopeePH
Leeyaa21155624,ShopeePH
Liyong20875831,ShopeePH
Lulu_nurjanah_,ShopeePH
MassiouV,ShopeePH
MurugesanINDIA,ShopeePH
NOELQUEZON,ShopeePH
Pratama82Adhy,ShopeePH
Rahmawati10081,ShopeePH
RainIsLikeTears,ShopeePH
Rajesh97942307,ShopeePH
Rantung111,ShopeePH
RealAbcede,ShopeePH
Ridwan0001a,ShopeePH
RodliyahH,ShopeePH
Roma48675090,ShopeePH
Shoopee7,ShopeePH
ShopeeMX,ShopeePH
Siti_kuanlin_05,ShopeePH
Sitialiani30,ShopeePH
SmithEr04667110,ShopeePH
Stanley74045358,ShopeePH
TOfficialsg,ShopeePH
Tedy81994868,ShopeePH
Tom_Likes_Games,ShopeePH
Venus59819105,ShopeePH
VwFCF0LT9xoEM2e,ShopeePH
XCE1GInpkA5N3Qj,ShopeePH
YohanesL3,ShopeePH
_myungjunnie_,ShopeePH
aDesignOrange,ShopeePH
abbie_yin,ShopeePH
adindaa11580451,ShopeePH
aepr_b,ShopeePH
ahyel9,ShopeePH
btrflyei8ht,ShopeePH
charlinemallor3,ShopeePH
coverline89,ShopeePH
daysgonebeh,ShopeePH
deluxyanne,ShopeePH
denis_chow,ShopeePH
designantora16,ShopeePH
dionaldo_pierre,ShopeePH
dllptndng,ShopeePH
fazrulkhan,ShopeePH
fedenciometran2,ShopeePH
firrahz02,ShopeePH
fsmumu0104,ShopeePH
hongpengilt,ShopeePH
ibuasmanah,ShopeePH
ilabushopee,ShopeePH
itsreyesj,ShopeePH
jisunglipbalm,ShopeePH
jungw0ogf,ShopeePH
junnayip,ShopeePH
kringsorns,ShopeePH
kyungseungji55,ShopeePH
mackhiro03201,ShopeePH
mhizmaryz,ShopeePH
minimies_en,ShopeePH
minimies_txt,ShopeePH
minimies_vk,ShopeePH
minimimhie,ShopeePH
miv_01,ShopeePH
nasywaurely,ShopeePH
nicodammn,ShopeePH
ohnimchill,ShopeePH
peachleah_,ShopeePH
penny_kring,ShopeePH
phinterpaner,ShopeePH
pro_street87,ShopeePH
pumpkinvibing,ShopeePH
ricafort_vicky,ShopeePH
richantae,ShopeePH
rismafatti,ShopeePH
sefmorales,ShopeePH
seguera_a,ShopeePH
shiinkiier,ShopeePH
sopethebrocolli,ShopeePH
sweetp_nct,ShopeePH
tonetteee1,ShopeePH
vOkctuoQnH6pnpL,ShopeePH
vimmmmmmmmmm,ShopeePH
vouzrose,ShopeePH
younghe68534192,ShopeePH
zhtec14911491,ShopeePH
Ashmawi93,ShopeeSG
Elvis_kings01,ShopeeSG
ExpeditionistS3,ShopeeSG
Faozhi_if,ShopeeSG
Farahhroslann,ShopeeSG
FatahElrahmanM1,ShopeeSG
FikiDrmwn_,ShopeeSG
Frenzieyahooco1,ShopeeSG
Gonzales1262,ShopeeSG
Heyitsfatur,ShopeeSG
HlaMyoKyaw20,ShopeeSG
ImasMualimah,ShopeeSG
InfoShopee_ID,ShopeeSG
IsnoraGusti,ShopeeSG
ItjeHandayani,ShopeeSG
Itsmejames991,ShopeeSG
Jazzmine_jessy,ShopeeSG
Jelly23951613,ShopeeSG
Jiameiiiiiii,ShopeeSG
Jivox,ShopeeSG
Johnson54140583,ShopeeSG
KeedalSabrie,ShopeeSG
Leeyaa21155624,ShopeeSG
LimJunYao1,ShopeeSG
Liyong20875831,ShopeeSG
Lulu_nurjanah_,ShopeeSG
MRhafiz53900039,ShopeeSG
MSBUILDERSErMS1,ShopeeSG
MassiouV,ShopeeSG
MurugesanINDIA,ShopeeSG
MutiaWidyaSari1,ShopeeSG
NOELQUEZON,ShopeeSG
Nurizzati671,ShopeeSG
Peterpa22448475,ShopeeSG
PhLollipop,ShopeeSG
Pratama82Adhy,ShopeeSG
Rahmawati10081,ShopeeSG
Rajesh97942307,ShopeeSG
Rantung111,ShopeeSG
RealAbcede,ShopeeSG
Ridwan0001a,ShopeeSG
RodliyahH,ShopeeSG
SasakPrimitive,ShopeeSG
Shoopee7,ShopeeSG
ShopeeMX,ShopeeSG
Siti_kuanlin_05,ShopeeSG
Sitialiani30,ShopeeSG
SmithEr04667110,ShopeeSG
Stanley74045358,ShopeeSG
TOfficialsg,ShopeeSG
Tedy81994868,ShopeeSG
Tom_Likes_Games,ShopeeSG
Venus59819105,ShopeeSG
XCE1GInpkA5N3Qj,ShopeeSG
_myungjunnie_,ShopeeSG
aDesignOrange,ShopeeSG
abbie_yin,ShopeeSG
adindaa11580451,ShopeeSG
adithyawilson,ShopeeSG
aepr_b,ShopeeSG
ahxian5113,ShopeeSG
alienoxbluefrog,ShopeeSG
ars67923903,ShopeeSG
btrflyei8ht,ShopeeSG
charlinemallor3,ShopeeSG
coverline89,ShopeeSG
davidchungwung,ShopeeSG
daysgonebeh,ShopeeSG
deluxyanne,ShopeeSG
designantora16,ShopeeSG
dllptndng,ShopeeSG
fazrulkhan,ShopeeSG
fedenciometran2,ShopeeSG
fsmumu0104,ShopeeSG
hongpengilt,ShopeeSG
hui_ong0307,ShopeeSG
hyunjae_bf,ShopeeSG
ibuasmanah,ShopeeSG
ilabushopee,ShopeeSG
jungw0ogf,ShopeeSG
kringsorns,ShopeeSG
kyungseungji55,ShopeeSG
mackhiro03201,ShopeeSG
maefaa1,ShopeeSG
mhizmaryz,ShopeeSG
minimies_en,ShopeeSG
minimies_txt,ShopeeSG
minimies_vk,ShopeeSG
minimimhie,ShopeeSG
miv_01,ShopeeSG
mshoaibawan07,ShopeeSG
nasywaurely,ShopeeSG
nicodammn,ShopeeSG
nurizwa19072999,ShopeeSG
oPIFLAoFOU0izZ4,ShopeeSG
ohnimchill,ShopeeSG
penny_kring,ShopeeSG
perkxsabumi,ShopeeSG
phinterpaner,ShopeeSG
pro_street87,ShopeeSG
ram72616d,ShopeeSG
ricafort_vicky,ShopeeSG
richantae,ShopeeSG
rismafatti,ShopeeSG
sefmorales,ShopeeSG
seguera_a,ShopeeSG
shiinkiier,ShopeeSG
sopethebrocolli,ShopeeSG
sweetp_nct,ShopeeSG
tonetteee1,ShopeeSG
unkl347,ShopeeSG
vOkctuoQnH6pnpL,ShopeeSG
vimmmmmmmmmm,ShopeeSG
vouzrose,ShopeeSG
wing_meng,ShopeeSG
younghe68534192,ShopeeSG
yuliaputr,ShopeeSG
zhtec14911491,ShopeeSG
Elvis_kings01,ShopeeSG
ExpeditionistS3,ShopeeSG
Faozhi_if,ShopeeSG
Farahhroslann,ShopeeSG
FatahElrahmanM1,ShopeeSG
FikiDrmwn_,ShopeeSG
Frenzieyahooco1,ShopeeSG
Gonzales1262,ShopeeSG
Heyitsfatur,ShopeeSG
HlaMyoKyaw20,ShopeeSG
ImasMualimah,ShopeeSG
InfoShopee_ID,ShopeeSG
IsnoraGusti,ShopeeSG
ItjeHandayani,ShopeeSG
Itsmejames991,ShopeeSG
Jazzmine_jessy,ShopeeSG
Jelly23951613,ShopeeSG
Jiameiiiiiii,ShopeeSG
Jivox,ShopeeSG
Johnson54140583,ShopeeSG
KeedalSabrie,ShopeeSG
Leeyaa21155624,ShopeeSG
LimJunYao1,ShopeeSG
Liyong20875831,ShopeeSG
Lulu_nurjanah_,ShopeeSG
MRhafiz53900039,ShopeeSG
MSBUILDERSErMS1,ShopeeSG
MassiouV,ShopeeSG
MurugesanINDIA,ShopeeSG
MutiaWidyaSari1,ShopeeSG
NOELQUEZON,ShopeeSG
Nurizzati671,ShopeeSG
Peterpa22448475,ShopeeSG
PhLollipop,ShopeeSG
Pratama82Adhy,ShopeeSG
Rahmawati10081,ShopeeSG
Rajesh97942307,ShopeeSG
Rantung111,ShopeeSG
RealAbcede,ShopeeSG
Ridwan0001a,ShopeeSG
RodliyahH,ShopeeSG
SasakPrimitive,ShopeeSG
Shoopee7,ShopeeSG
ShopeeMX,ShopeeSG
Siti_kuanlin_05,ShopeeSG
Sitialiani30,ShopeeSG
SmithEr04667110,ShopeeSG
Stanley74045358,ShopeeSG
TOfficialsg,ShopeeSG
Tedy81994868,ShopeeSG
Tom_Likes_Games,ShopeeSG
Venus59819105,ShopeeSG
XCE1GInpkA5N3Qj,ShopeeSG
_myungjunnie_,ShopeeSG
aDesignOrange,ShopeeSG
abbie_yin,ShopeeSG
adindaa11580451,ShopeeSG
adithyawilson,ShopeeSG
aepr_b,ShopeeSG
ahxian5113,ShopeeSG
alienoxbluefrog,ShopeeSG
ars67923903,ShopeeSG
btrflyei8ht,ShopeeSG
charlinemallor3,ShopeeSG
coverline89,ShopeeSG
davidchungwung,ShopeeSG
daysgonebeh,ShopeeSG
deluxyanne,ShopeeSG
designantora16,ShopeeSG
dllptndng,ShopeeSG
fazrulkhan,ShopeeSG
fedenciometran2,ShopeeSG
fsmumu0104,ShopeeSG
hongpengilt,ShopeeSG
hui_ong0307,ShopeeSG
hyunjae_bf,ShopeeSG
ibuasmanah,ShopeeSG
ilabushopee,ShopeeSG
jungw0ogf,ShopeeSG
kringsorns,ShopeeSG
kyungseungji55,ShopeeSG
mackhiro03201,ShopeeSG
maefaa1,ShopeeSG
mhizmaryz,ShopeeSG
minimies_en,ShopeeSG
minimies_txt,ShopeeSG
minimies_vk,ShopeeSG
minimimhie,ShopeeSG
miv_01,ShopeeSG
mshoaibawan07,ShopeeSG
nasywaurely,ShopeeSG
nicodammn,ShopeeSG
nurizwa19072999,ShopeeSG
oPIFLAoFOU0izZ4,ShopeeSG
ohnimchill,ShopeeSG
penny_kring,ShopeeSG
perkxsabumi,ShopeeSG
phinterpaner,ShopeeSG
pro_street87,ShopeeSG
ram72616d,ShopeeSG
ricafort_vicky,ShopeeSG
richantae,ShopeeSG
rismafatti,ShopeeSG
sefmorales,ShopeeSG
seguera_a,ShopeeSG
shiinkiier,ShopeeSG
sopethebrocolli,ShopeeSG
sweetp_nct,ShopeeSG
tonetteee1,ShopeeSG
unkl347,ShopeeSG
vOkctuoQnH6pnpL,ShopeeSG
vimmmmmmmmmm,ShopeeSG
vouzrose,ShopeeSG
wing_meng,ShopeeSG
younghe68534192,ShopeeSG
yuliaputr,ShopeeSG
zhtec14911491,ShopeeSG
Ashmawi93,ShopeeTH
Elvis_kings01,ShopeeTH
ExpeditionistS3,ShopeeTH
FatahElrahmanM1,ShopeeTH
FikiDrmwn_,ShopeeTH
Gonzales1262,ShopeeTH
ImasMualimah,ShopeeTH
Itsmejames991,ShopeeTH
Jelly23951613,ShopeeTH
Leeyaa21155624,ShopeeTH
Liyong20875831,ShopeeTH
Lulu_nurjanah_,ShopeeTH
MurugesanINDIA,ShopeeTH
MutiaWidyaSari1,ShopeeTH
Peterpa22448475,ShopeeTH
Pratama82Adhy,ShopeeTH
Q0aG4Gh205vYrFH,ShopeeTH
Rahmawati10081,ShopeeTH
Rantung111,ShopeeTH
Ridwan0001a,ShopeeTH
RodliyahH,ShopeeTH
SasakPrimitive,ShopeeTH
Shoopee7,ShopeeTH
ShopeeMX,ShopeeTH
Siti_kuanlin_05,ShopeeTH
Sitialiani30,ShopeeTH
Tedy81994868,ShopeeTH
TheMoonHerald,ShopeeTH
Venus59819105,ShopeeTH
Vivi_Bernal7,ShopeeTH
VwFCF0LT9xoEM2e,ShopeeTH
XCE1GInpkA5N3Qj,ShopeeTH
YohanesL3,ShopeeTH
_myungjunnie_,ShopeeTH
abbie_yin,ShopeeTH
adindaa11580451,ShopeeTH
aepr_b,ShopeeTH
ardiartma,ShopeeTH
ars67923903,ShopeeTH
btrflyei8ht,ShopeeTH
charlinemallor3,ShopeeTH
daysgonebeh,ShopeeTH
deluxyanne,ShopeeTH
denis_chow,ShopeeTH
dllptndng,ShopeeTH
fsmumu0104,ShopeeTH
ibuasmanah,ShopeeTH
ilabushopee,ShopeeTH
jungw0ogf,ShopeeTH
kringsorns,ShopeeTH
kyungseungji55,ShopeeTH
mackhiro03201,ShopeeTH
maefaa1,ShopeeTH
meiqinliu1,ShopeeTH
mhizmaryz,ShopeeTH
minimies_en,ShopeeTH
minimies_txt,ShopeeTH
minimies_vk,ShopeeTH
nicodammn,ShopeeTH
oPIFLAoFOU0izZ4,ShopeeTH
ohnimchill,ShopeeTH
phinterpaner,ShopeeTH
pro_street87,ShopeeTH
raraa_35,ShopeeTH
ricafort_vicky,ShopeeTH
richantae,ShopeeTH
rismafatti,ShopeeTH
shiinkiier,ShopeeTH
shine_1302,ShopeeTH
sweetp_nct,ShopeeTH
vOkctuoQnH6pnpL,ShopeeTH
vimmmmmmmmmm,ShopeeTH
vouzrose,ShopeeTH
Elvis_kings01,ShopeeTH
ExpeditionistS3,ShopeeTH
FatahElrahmanM1,ShopeeTH
FikiDrmwn_,ShopeeTH
Gonzales1262,ShopeeTH
ImasMualimah,ShopeeTH
Itsmejames991,ShopeeTH
Jelly23951613,ShopeeTH
Leeyaa21155624,ShopeeTH
Liyong20875831,ShopeeTH
Lulu_nurjanah_,ShopeeTH
MurugesanINDIA,ShopeeTH
MutiaWidyaSari1,ShopeeTH
Peterpa22448475,ShopeeTH
Pratama82Adhy,ShopeeTH
Q0aG4Gh205vYrFH,ShopeeTH
Rahmawati10081,ShopeeTH
Rantung111,ShopeeTH
Ridwan0001a,ShopeeTH
RodliyahH,ShopeeTH
SasakPrimitive,ShopeeTH
Shoopee7,ShopeeTH
ShopeeMX,ShopeeTH
Siti_kuanlin_05,ShopeeTH
Sitialiani30,ShopeeTH
Tedy81994868,ShopeeTH
TheMoonHerald,ShopeeTH
Venus59819105,ShopeeTH
Vivi_Bernal7,ShopeeTH
VwFCF0LT9xoEM2e,ShopeeTH
XCE1GInpkA5N3Qj,ShopeeTH
YohanesL3,ShopeeTH
_myungjunnie_,ShopeeTH
abbie_yin,ShopeeTH
adindaa11580451,ShopeeTH
aepr_b,ShopeeTH
ardiartma,ShopeeTH
ars67923903,ShopeeTH
btrflyei8ht,ShopeeTH
charlinemallor3,ShopeeTH
daysgonebeh,ShopeeTH
deluxyanne,ShopeeTH
denis_chow,ShopeeTH
dllptndng,ShopeeTH
fsmumu0104,ShopeeTH
ibuasmanah,ShopeeTH
ilabushopee,ShopeeTH
jungw0ogf,ShopeeTH
kringsorns,ShopeeTH
kyungseungji55,ShopeeTH
mackhiro03201,ShopeeTH
maefaa1,ShopeeTH
meiqinliu1,ShopeeTH
mhizmaryz,ShopeeTH
minimies_en,ShopeeTH
minimies_txt,ShopeeTH
minimies_vk,ShopeeTH
nicodammn,ShopeeTH
oPIFLAoFOU0izZ4,ShopeeTH
ohnimchill,ShopeeTH
phinterpaner,ShopeeTH
pro_street87,ShopeeTH
raraa_35,ShopeeTH
ricafort_vicky,ShopeeTH
richantae,ShopeeTH
rismafatti,ShopeeTH
shiinkiier,ShopeeTH
shine_1302,ShopeeTH
sweetp_nct,ShopeeTH
vOkctuoQnH6pnpL,ShopeeTH
vimmmmmmmmmm,ShopeeTH
vouzrose,ShopeeTH
MurugesanINDIA,ShopeeTW
fsmumu0104,ShopeeTW
vOkctuoQnH6pnpL,ShopeeTW
MurugesanINDIA,ShopeeTW
fsmumu0104,ShopeeTW
vOkctuoQnH6pnpL,ShopeeTW
JaketMudin,ShopeeVN
MurugesanINDIA,ShopeeVN
RodliyahH,ShopeeVN
Shoopee7,ShopeeVN
ShopeeMX,ShopeeVN
abbie_yin,ShopeeVN
daysgonebeh,ShopeeVN
fsmumu0104,ShopeeVN
richantae,ShopeeVN
vOkctuoQnH6pnpL,ShopeeVN
JaketMudin,ShopeeVN
MurugesanINDIA,ShopeeVN
RodliyahH,ShopeeVN
Shoopee7,ShopeeVN
ShopeeMX,ShopeeVN
abbie_yin,ShopeeVN
daysgonebeh,ShopeeVN
fsmumu0104,ShopeeVN
richantae,ShopeeVN
vOkctuoQnH6pnpL,ShopeeVN