screen_name,location,created_at,followers_count,friends_count,relationship
ohjenal,,11/03/2016,204,510,followers
anisznizaa,Malaysia,15/11/2019,4,112,followers
minimimhie,Rizal,30/12/2012,77,129,followers
aida_angah,,23/11/2012,350,255,followers
itsreyesj,,16/09/2020,4,189,followers
Rahmawati10081,,26/02/2020,14,95,followers
DarkViviTweets,,14/06/2020,12,228,followers
Elvis_kings01,"Lagos, Nigeria",02/08/2010,41,395,followers
baitisulaiman,"Machang, Kelantan",06/02/2014,73,1728,followers
ARMY_jonalyn,,30/12/2020,3,169,followers
HazzierinaWan,,02/03/2021,1,35,followers
mhizmaryz,French Guiana,13/12/2020,106,641,followers
asyahrulh,"Subang Jaya, Malaysia",12/03/2009,119,174,followers
BdImall,,01/03/2021,29,193,followers
Shazmie10,Bangi,06/11/2012,284,157,followers
aaadibbbaaaH,old trafford,20/07/2010,187,1010,followers
Inaraaa_17,Malaysia,16/01/2021,6,132,followers
ImanAbdulRahim,,07/03/2009,290051,718,followers
mira_nani98,,04/09/2019,3,38,followers
AngelStarResou1,Malaysia,19/01/2021,0,12,followers
diyana_tahir,,15/11/2011,1805,904,followers
_azirahatta,"Sabah, Malaysia",04/11/2015,175,139,followers
Ado2jelah,,02/05/2020,12,231,followers
Candice84773504,,15/09/2020,0,2,followers
ShopeeCare6,,03/03/2021,0,4,followers
syuhada5050,Malaysia,14/06/2016,12,32,followers
AzzimAliShoberi,Alor Setar Kedah,03/09/2012,2033,1427,followers
Dtvconan20,"Selangor, Malaysia",12/11/2020,4,29,followers
MZulkiman,,05/03/2020,0,17,followers
aDesignOrange,PSE,15/03/2020,46,623,followers
BarlowFitzGera2,,21/11/2020,0,16,followers
qianhuiviiix,,12/04/2013,364,202,followers
Daya88746466,,03/08/2019,2,128,followers
alienoxbluefrog,Kuala Lumpur,28/04/2012,26,632,followers
BoothHoward2,,21/11/2020,0,18,followers
eitasophia,malaysia,19/02/2010,227,879,followers
penguinnnsoo,EXO planet,24/04/2020,237,564,followers
Hellotuahliana1,"Selangor, Malaysia",07/01/2021,13,565,followers
raraa_35,"Bandung, Indonesia",31/12/2020,253,710,followers
llyxxc,,06/04/2018,55,754,followers
Mahathi04271259,,30/10/2020,8,232,followers
Efarina_rs,,06/04/2011,72,115,followers
Imranhzim,"Selangor, Malaysia",01/11/2020,5,73,followers
asirahazmy,universiti putra malaysia,27/02/2018,140,279,followers
HlaMyoKyaw20,,02/03/2021,1,33,followers
maybeEther,Malaysia,02/10/2020,278,630,followers
acapdesouza,shah alam,02/01/2010,176,134,followers
naiong_wine,"Selangor, Malaysia",28/11/2012,18,78,followers
bmegirl_,,18/05/2019,139,326,followers
_nisanny,somewhere in earth,16/08/2019,10,63,followers
Itsmejames991,,02/05/2020,10,202,followers
loeyislove1127,ÏóëÏÜå ÎßàÏùåÏÜçÏóê / ÎßêÎ†àÏù¥ÏãúÏïÑ,01/12/2011,122,442,followers
tumbljm,,16/08/2009,2472,1025,followers
szabarie,Selangor - Kuala Lumpur,22/11/2014,367,212,followers
silentkiller07_,"Batu Pahat, Johor",07/01/2018,8,72,followers
hiwonna,Malaysia,23/02/2021,2,80,followers
leayanaaa_,My,29/04/2017,118,492,followers
MrShah89,,06/10/2020,2,105,followers
JeffreyLeo18,,02/03/2021,1,116,followers
shaari111,,11/05/2012,33,113,followers
daysgonebeh,alaska condensada,29/08/2020,0,270,followers
najlamysrh,,18/03/2020,646,695,followers
JailaniAfrina,,05/03/2020,36,160,followers
charlinemallor3,,03/12/2020,4,99,followers
hattamikael,,10/11/2008,36,398,followers
nicodammn,Outer space,04/12/2019,25,199,followers
Auniwani4,Malaysia,05/06/2018,646,955,followers
ddalilaa,,30/08/2009,445,818,followers
CrunchYeen,,01/03/2021,11,170,followers
jimanxx,"Miri, Sarawak",06/04/2009,188,439,followers
minimies_en,17 | She/Her,23/02/2021,6,95,followers
gudeiary,Malaysia,28/12/2020,0,5,followers
MukhreM,"Kota Bharu, Kelantan",06/10/2014,117,657,followers
minimies_txt,17 | She/Her,23/02/2021,1,22,followers
azrilamirul1,,16/07/2015,4,170,followers
minimies_vk,17 | She/Her,26/09/2020,226,32,followers
ub3y,Kota Bharu-Shah Alam-Jannah,07/04/2009,502,376,followers
mrbarosy,"New York, USA",14/12/2020,32,77,followers
sefmorales,Philippines,13/08/2011,453,1128,followers
zukhairi17,"Alor Star, Kedah",01/06/2016,132,220,followers
amiraixat,Kuala Lumpur,24/08/2011,510,848,followers
wanda_anderlina,"Perak, Malaysia",15/01/2017,30,223,followers
arfahhannani,,03/12/2011,2053,966,followers
Jazzmine_jessy,Damansara,29/08/2019,31,297,followers
ibnu_jamal, Malaysia,08/07/2009,197,281,followers
XCE1GInpkA5N3Qj,,06/09/2020,0,119,followers
RizalMurad,malaysia,28/01/2010,95,581,followers
fedenciometran2,,17/07/2020,9,210,followers
Lulu_nurjanah_,"Tasikmalaya, Jawa Barat",02/02/2021,304,833,followers
Rantung111,"Kota Bitung, Sulawesi Utara",11/02/2021,200,501,followers
ayeewuu,,01/10/2020,3,112,followers
smileqnx,wonderland,11/09/2013,493,541,followers
ahyel9,"Gyeonggi-do, Republic of Korea",08/06/2019,4,233,followers
_myungjunnie_,üê∞,22/06/2020,96,669,followers
secrethujan,,21/11/2018,18,188,followers
_joehanafi,Petaling Jaya,12/12/2014,264,233,followers
euibaekwr,#BAEKHYUN,07/04/2020,378,619,followers
faizrozi_,"Kedah, Malaysia",31/08/2018,27,133,followers
yoonnisa_,,25/07/2019,269,1288,followers
Fienuts,Malaysia,18/04/2009,520,496,followers
amrhxzt,Earth,10/04/2014,51,44,followers
_naddddzirah,Negeri K üá≤üáæ,09/01/2012,2002,977,followers
syafiqizzxt,,13/10/2013,456,569,followers
pauradeLuna,,11/11/2020,17,36,followers
KamalOsm8,Malaysia,11/02/2019,146,865,followers
ShopeeMX,,27/01/2021,12,9,followers
btsq_twt,,28/03/2020,426,373,followers
tumpik_pisang_2,Alam Ghaib ,14/02/2015,81,624,followers
firrahz02,PH,27/03/2020,21,135,followers
thewafism,Malaysia,10/12/2011,0,2,followers
reezalashburn,üÖ∫üÜÑüÖª | üÜÇüÖ∏üÖΩ | üÖ≤üÖ∂üÖ∫,02/01/2010,1478,210,followers
aazrihafizi,,03/07/2016,117,499,followers
mdihamohd,Malaysia,09/04/2019,27,879,followers
denis_chow,,13/01/2017,1,63,followers
tweetedbynoah,Library Life,12/08/2015,3251,569,followers
nalisyaaaaa,,04/11/2020,5,41,followers
Aera95Aera,"Kedah, Malaysia",21/01/2015,282,232,followers
ImasMualimah,"West Java, Indonesia",26/08/2018,2,17,followers
irisreticulate,,23/06/2013,157,638,followers
abbie_yin,,12/04/2018,2,66,followers
PhLollipop,"Marikina City, National Capita",19/01/2021,60,786,followers
ShareDot_Com,,20/11/2020,5,35,followers
snazzybizarre,Selangor,27/09/2009,558,630,followers
DaniellaPascua0,,28/02/2021,7,116,followers
thiskidcantstop,fuck off,03/01/2020,34,184,followers
EzudinAzim,"Kuala Lumpur, Wilayah Persekut",15/06/2020,244,328,followers
Honuyuya1,,27/02/2021,0,25,followers
m_lolytrovillsz,,20/11/2020,5,93,followers
HudaNurul236,,17/01/2012,38,314,followers
balqisibrahim11,"Johor Bahru, Johor",23/09/2020,19,203,followers
budaksabaq,jalan langgar ,27/09/2012,287,675,followers
Someone2601,,05/10/2019,40,424,followers
emannnabila_,,14/11/2014,124,143,followers
alszyn,,27/06/2017,195,205,followers
naimalkalantani,,25/07/2012,1770,2387,followers
Mohamma71573936,,16/07/2019,133,4652,followers
irohaxiaobaobao,SVT nest ,09/06/2016,109,476,followers
Jaehwa92288541,,23/02/2021,0,87,followers
adeen767,Ipoh,02/10/2019,163,2642,followers
SooYaa02785609,,28/02/2021,1,103,followers
xnursyahirahx,,13/08/2020,241,330,followers
putkim_,Malaysia,09/12/2014,412,261,followers
_xnblhx,joho,08/05/2012,359,282,followers
skindutti_ann,Bandar Seri Putra ,13/08/2020,40,135,followers
cookiesbyam,,04/10/2020,332,255,followers
KKrukk,"Rawang, Selangor",19/12/2018,2,94,followers
hi_joohyunbae,she/her ,29/10/2020,655,854,followers
ddeulgikim,,01/07/2020,802,1035,followers
yumiyoongie,,05/11/2019,94,161,followers
Zimzalabieemajh,Canada  (she/they),08/07/2020,1025,1158,followers
juhyunpretty,SHE/HER,12/09/2019,3076,2697,followers
nrfqhj,,01/12/2020,13,369,followers
tepennnyakki,,06/07/2016,46,154,followers
alsharkto,In Deep Wide Ocean!,25/08/2011,148,427,followers
_izzatielia,Balik kampung naik heli,01/11/2013,124,179,followers
tehaha_,,02/05/2012,1494,2874,followers
arikiciki,Malaysia,26/07/2019,90,125,followers
EdwardD78330831,"Glen Burnie, MD",14/05/2020,63,1879,followers
rinluveiz,malaysia,29/10/2012,6,213,followers
arfaheffa,"Segamat, Johor",28/11/2013,723,681,followers
Izzatijefri_,,04/05/2020,0,18,followers
zafirxhzainxl_,aloqmengkuducity,18/09/2012,528,440,followers
MRhafiz53900039,,26/02/2021,1,5,followers
nurulshazwanny,Ikmal's,06/11/2014,392,665,followers
jiminieeeoo,,03/12/2017,7,177,followers
Keyyara_Ophelia,"Sandakan, Sabah",09/06/2010,319,506,followers
shyxzah_,"George Town, Pinang",05/10/2017,107,249,followers
tyrayuyu,,01/05/2020,8,399,followers
acikzaty,melaka,08/09/2012,739,784,followers
sixsenseent,"Kajang, Selangor",05/12/2018,2,58,followers
seguera_a,"Pasig City, National Capital R",27/02/2021,0,39,followers
ridhau92,"Segamat, Johor",25/01/2010,330,990,followers
Andywong0320,"New Taipei City, Taiwan",27/02/2021,0,25,followers
CostanillaNardo,,04/12/2020,3,18,followers
hangrygang,Kuala Lumpur City,20/11/2015,1946,201,followers
nurfatasya,klang,28/08/2011,376,2047,followers
Mvak5JkOj42D8jx,„Éû„É¨„Éº„Ç∑„Ç¢ „Éö„Éä„É≥,05/11/2020,194,474,followers
SasakPrimitive,Lombok,22/06/2020,18,105,followers
noldzdagreat,"Kota Kinabalu, Sabah",05/08/2017,101,1041,followers
sue_hyda,,29/07/2013,27,185,followers
tiekahrhm,Malaysia,27/02/2021,0,12,followers
Siti_kuanlin_05,"East Java, Indonesia",23/11/2018,7,201,followers
ciknadotdot,"Melaka Tengah, Melaka",04/11/2010,258,347,followers
irishzqah,,01/02/2021,0,6,followers
aisyahrehmanz,Johor,22/10/2014,22,114,followers
SyahiraaAzizz,Kelantan,15/01/2016,88,329,followers
Tedy81994868,,26/01/2021,1,165,followers
aathomato,,12/11/2020,58,180,followers
Qisya_17,,24/03/2020,12,56,followers
imzcchan,,20/11/2020,1,25,followers
mochinyamnyam,,28/12/2015,82,562,followers
younghe68534192,,27/02/2021,0,19,followers
zhtec14911491,Malaysia,27/02/2021,0,32,followers
misssar19237805,"Selangor, Malaysia",14/05/2018,17,121,followers
Bts30652673,,01/02/2021,0,64,followers
wongjianwen2,Malaysia,26/02/2021,1,10,followers
earlgreyy_,Malaysia,31/03/2017,69,917,followers
azrihaikal46,"Kuala Lumpur City, Kuala Lumpu",18/12/2012,178,855,followers
rismafatti,,20/01/2021,6,71,followers
DeanKamall,Ncig Shah Alam,21/03/2011,236,365,followers
affuankhanafi,#COYS,29/12/2010,219,952,followers
cookie14022017,,26/02/2021,0,2,followers
leon07081,,31/12/2020,0,4,followers
reyewsables,"Penang, Malaysia",07/04/2020,2,56,followers
jimmmba,,29/06/2011,189,172,followers
unkl347,"Bandung, Indonesia",29/07/2009,45508,285,followers
NabellaZainudin,,01/04/2020,0,15,followers
CheeSum07,,03/05/2018,0,6,followers
ayeeenggggg,bawah ketiak mak ,16/04/2016,189,667,followers
Jelly23951613,,14/11/2020,13,131,followers
BarnettZachary1,"Boston, MA",21/02/2021,24,353,followers
MyEcoTech1,,26/02/2021,0,20,followers
MASH1392,,24/12/2017,41,519,followers
uulmsmnwm,"Sarawak, Malaysia",11/04/2018,4,63,followers
lixfinity,she/her 20,13/04/2013,2747,364,followers
ibuasmanah,"Banten, Indonesia",12/02/2021,7,135,followers
chaa_md01,"Beranang, Selangor",26/07/2019,76,244,followers
mindlocking,"Selangor, Malaysia",21/12/2009,3056,2898,followers
Faridahmatnor1,,26/02/2021,0,19,followers
_moo_19,Kuala Lumpur Federal Territory,12/09/2018,18,144,followers
tckgary,"Klang, Selangor",28/05/2013,30,484,followers
ahmadhafiyy,"Sepang, Selangor",08/06/2019,419,418,followers
littleboyzy,Malaysia,14/09/2013,495,1956,followers
AsyrafSaleh,"Penang, Malaysia",11/12/2012,161,323,followers
Ronymoly1,"Kuching, Sarawak",27/01/2017,700,2261,followers
MuhammadHarizH3,,05/01/2020,591,666,followers
ahmadfaiznordin,Subang,19/07/2011,403,826,followers
farhana_nfm,"Johor Bahru, Johor",26/06/2011,69,151,followers
RveilL,,04/05/2010,281,2207,followers
Henny873,,25/02/2021,0,2,followers
akazukiichacha,Petaling Jaya,25/11/2009,305,478,followers
wakpizsme,Malaysia,23/03/2013,531,4974,followers
Enchantress238,Anywhere in Klang Valley,09/02/2019,63,835,followers
AbdulJalilBinI1,,25/02/2021,1,46,followers
tarzanmelayu,"Cerok tok kun, Kodiang",16/04/2014,185,1029,followers
faezdanial_,,18/07/2017,105,314,followers
mdsyahiran75,"Kajang, Selangor",01/11/2012,1737,4939,followers
balkhishh,,26/12/2012,469,341,followers
cakenisyou,,05/02/2021,25,717,followers
AliyaRadz__,"Puchong, Selangor",12/01/2013,1338,687,followers
Elvie43280422,,16/08/2020,1,99,followers
mr_ameet,,07/02/2019,7,495,followers
ExpeditionistS3,Manila,09/02/2021,89,493,followers
7jjjGrmMTkKB0o9,,03/02/2021,4,285,followers
KMayJoon,,01/06/2019,160,262,followers
LijingYow,,24/02/2020,0,1,followers
rose_ulpindo,CAbanatuan philippines,10/02/2021,2,125,followers
116Erll,,02/02/2020,8,117,followers
FikiDrmwn_,Di mana-mana hatiku senang!,01/10/2020,1896,1772,followers
DKNHZ5e0PifAucW,,17/02/2021,1,166,followers
SabakSalaiHQ,"Pedas, Negeri Sembilan",15/02/2021,20,89,followers
Aizat_90,Malaysia,20/03/2011,54,292,followers
Rajesh97942307,,25/02/2021,0,15,followers
wing_meng,"Shenzhen, China",11/10/2019,5,19,followers
Roma48675090,"Iloilo City, Western Visayas",10/01/2021,40,79,followers
Balamur70675582,Malaysia,09/07/2017,89,288,followers
YBDATOMRAVI,"Port Dickson, Negeri Sembilan",09/10/2020,53,54,followers
lyaraamira,,31/08/2018,82,130,followers
daydream_seven,Republic of the Philippines,21/05/2018,348,658,followers
BukuDakwah,Jl. Kramat Raya No.45 Jakarta ,31/08/2018,14,116,followers
inazallya,,25/02/2021,2127,226,followers
ArlosVia,,25/02/2021,3,67,followers
MysaraAdriana,,17/02/2021,0,75,followers
BaninSha,,07/09/2019,9,242,followers
hazwaans,South East Asia,26/11/2010,776,36,followers
astina_zaka,,04/02/2021,0,14,followers
ram72616d,Singapore,14/06/2020,0,94,followers
maefaa1,,04/02/2021,2,22,followers
4nsyaa,Kuala Lumpur City,24/02/2021,0,23,followers
CakePanetone,"Sardaigne, Italie",30/08/2020,208,3247,followers
vouzrose,,19/01/2021,0,76,followers
Ridwan0001a,"Sukabumi, Indonesia",24/02/2021,0,18,followers
sj18201,,13/02/2020,51,142,followers
nurrfatehaa_,,24/02/2021,28,49,followers
hoenamxd,,15/03/2014,96,175,followers
nisaerenj,,04/11/2020,14,102,followers
nyinaa1,,24/02/2021,0,43,followers
mackhiro03201,,24/04/2016,0,12,followers
penny_kring,Texas,22/02/2021,12,10,followers
jeetoothegee,cocaine.com ,17/10/2019,455,525,followers
rachelyty1029,ÎãàÍ∞Ä ÏûàÎäî Í≥≥Ïóê~‚ô•,24/09/2012,107,435,followers
SNdaughter61,Malaysia,10/10/2010,239,556,followers
MinghaosGirl_,Malaysia,20/02/2019,195,432,followers
asknarsd,,09/01/2019,39,146,followers
GyuMrs,MALAYSIA,11/05/2014,79,123,followers
pumpkinvibing,,23/02/2021,31,307,followers
HilmiAlHusaini_,"Perak, Malaysia",13/10/2019,279,941,followers
Ryllye,Heart,22/07/2018,628,673,followers
Fine_Gold_999,Asia,21/10/2019,274,2817,followers
LimJunYao1,,19/02/2021,0,3,followers
farazakaria72,,28/07/2011,170,285,followers
nrdyms,"Kuala Penyu, Sabah",02/01/2021,2,38,followers
seetea_ArH,,11/05/2020,18,772,followers
EnchikLobo,"Serom, Johor",16/06/2009,76,33,followers
alexngu94,Kuala Lumpur,26/12/2012,285,3,followers
emasardonyx,,28/08/2015,115,164,followers
bigcatnergy,,10/01/2017,933,4931,followers
Kyushhi1,,18/11/2017,92,132,followers
TirahZzaini,Malaysia,26/12/2019,9032,5569,followers
katakpetir,Mont Kiara,09/05/2010,151,541,followers
flytnc2020,,14/01/2020,32,680,followers
yenderellaaaaa,stfu.yen | LuneHaru,30/05/2020,243,217,followers
harascaah,Penang ,26/05/2018,5,90,followers
lilyoongi89,üá≤üáæ | ,04/02/2019,387,489,followers
wanny0707,MALAYSIA,04/05/2011,229,560,followers
Jiameiiiiiii,,16/01/2021,1,10,followers
neverend77,,16/03/2013,0,30,followers
rekomenbelanja,,21/02/2021,414,6,followers
whiteTime68,,29/09/2019,45,248,followers
ameliasyaheera,,23/02/2021,83,260,followers
zati_bulian,Sapphire Blue Ocean,09/01/2010,107,653,followers
myalia12,tepi pantai,22/02/2021,3,151,followers
annheepetal,Malaysia,16/06/2009,336,586,followers
aizamadesu,Malaysia,01/08/2018,81,417,followers
nizarsalleh94,,23/02/2021,0,1,followers
SSMB89,,19/05/2012,36,229,followers
Pianaaaa1,"Kajang, Selangor",08/11/2018,67,415,followers
SmithEr04667110,,05/01/2021,2,94,followers
chocmagma,"in your heart, exit number 2",29/06/2012,610,453,followers
Kweenysyaz,"Johore, Malaysia",30/12/2015,441,495,followers
suquansusu,"KL, Malaysia",30/11/2009,48,344,followers
OmmaSaranghe,City Centre,30/11/2009,75,195,followers
shine_1302,"ARMY, BANGTAN SONYEONDANüíú",23/09/2018,134,338,followers
LiendaMirae,üá≤üáæ,02/09/2019,250,464,followers
bluemoonxElf,,28/05/2020,41,142,followers
AzmiMaizura,,15/03/2020,2,31,followers
Suju1004Elf,,22/01/2021,93,180,followers
itsazriens,Malaysia,18/12/2018,285,384,followers
BecherUlysses,,29/06/2020,1,70,followers
RKhaybar,,29/06/2018,8,208,followers
LADYRR2011,,25/04/2018,76,546,followers
RealAbcede,,22/02/2021,0,10,followers
miv_01,,19/05/2009,76,902,followers
tonetteee1,,21/02/2019,169,192,followers
CababagGilbert,,22/02/2021,1,48,followers
Gonzales1262,,29/09/2020,185,1045,followers
Frenzieyahooco1,,23/02/2021,21,134,followers
EllenAl70227860,,01/02/2021,1,30,followers
mrbabuk90,"Kota Bharu, Kelantan",21/01/2019,66,950,followers
Sedangmerantau,,06/03/2020,14,51,followers
izshah4,,21/02/2021,2,35,followers
ilabushopee,,16/12/2020,0,15,followers
senny8747,Malaysia,22/02/2021,0,106,followers
MIB33R,"Sleman, Indonesia",27/05/2020,17,41,followers
misstheknees,Malaysia,22/02/2021,1,117,followers
AzirahHarun,????? ,22/02/2021,2,13,followers
yanaamuhd,Shah Alam,14/11/2011,670,700,followers
xordy,"Kajang, Selangor",26/02/2009,397,974,followers
mmmluv61914,Malaysia,18/12/2019,4,53,followers
FatahElrahmanM1,,08/02/2021,7,283,followers
EccedentesiastW,Perak,04/12/2012,2898,1946,followers
AmyliaAdriana,Malaysia,27/06/2020,14,33,followers
mrissaaaa,ü¶ã,15/09/2018,55,223,followers
pedro112121,"Nil√≥polis, Brasil",04/07/2020,47,1226,followers
skzxki,,22/02/2021,3,64,followers
Sitialiani30,,19/10/2020,3,37,followers
A_M_LifeStyle,,22/02/2021,0,17,followers
Norazli44809547,,02/07/2020,2,163,followers
jajawahyuda,Malaysia,07/10/2013,406,220,followers
MurugesanINDIA,BHARAT ‡Æ§‡ÆÆ‡Æø‡Æ¥‡Øç‡Æ®‡Ææ‡Æü‡ØÅ ‡Æá‡Æ®‡Øç‡Æ§‡Æø‡ÆØ‡Ææ,03/02/2016,255,416,followers
sitisalwa05,,13/03/2020,12,51,followers
ardiartma,,12/07/2020,6,16,followers
HaikalD04610145,,27/12/2020,1,40,followers
DSAnita1,Kuala Lumpur City,23/07/2014,86,338,followers
GosebbyS,Kuala Lumpur City,21/02/2021,0,13,followers
Luvylynn1,,13/05/2020,13,842,followers
hananfaizure,"Selangor, Malaysia",12/09/2018,2335,1805,followers
nurelaien,PJ,06/02/2011,388,284,followers
acrowmemories,,07/12/2020,35,35,followers
FarahDunkin,"Selangor, Malaysia",23/09/2019,25,163,followers
namasayacempaka,,31/05/2020,60,363,followers
Adlin_Diana,Melaka,24/11/2011,25,94,followers
hongpengilt,,02/09/2015,1,86,followers
rararawrr_,"Red Giant, Harimau Malaya",28/03/2015,36,475,followers
Norfazilaramli,,19/12/2014,3,83,followers
Nuruzana8,"Kuala Lumpur, Wilayah Persekut",14/09/2018,25,175,followers
irapinkybabes,,21/02/2021,1,16,followers
apisulaiman,"Life is a journey, not a race.",09/08/2012,3374,1043,followers
kemenyan1234,Malaysia,11/03/2018,494,1895,followers
amiraamahat,,20/07/2020,3,20,followers
CallMeMrsFatin,"Selangor, Malaysia",25/03/2020,70,402,followers
SurainaYana,,21/02/2021,0,10,followers
consumer_mcm,Malaysia,27/09/2015,172,466,followers
arelya2510,,02/07/2018,2,67,followers
Zulkifl24981807,,12/02/2021,16,252,followers
aziey_dawanie,Malaysia,02/11/2016,178,483,followers
MICHAEL68069818,,20/02/2021,0,5,followers
vOkctuoQnH6pnpL,,26/11/2018,0,13,followers
rovers9MY,Malaysia,20/02/2021,0,2,followers
syaufillahdani3,,25/12/2020,2,40,followers
KillaEun,Kuala Lumpur,28/12/2011,859,258,followers
kicapkeychup,,08/07/2020,8,175,followers
junnayip,,22/02/2019,0,3,followers
nurulainnaa95,"Batu Pahat, Johor",26/01/2021,1,92,followers
pinkyellow4849,,04/08/2016,2,98,followers
asmaabdul_a,,20/02/2021,0,66,followers
sekilasmentari,"Sabak Bernam, Selangor",07/03/2011,65,812,followers
JaketMudin,,19/02/2021,0,115,followers
LEQ_new,"Mataram, Indonesia",19/02/2021,0,11,followers
SarjenRigby,,02/06/2019,253,308,followers
hyizz4h,,08/03/2019,371,254,followers
claykimbell,"Dallas, TX",02/01/2011,81,332,followers
1KwrsuQFmRwQMdt,,16/01/2021,7,194,followers
waniaqqq,Malaysia,09/08/2015,121,165,followers
furushihara,2026,22/06/2016,31,61,followers
nisoniyaa,,14/12/2020,1,36,followers
Menisme1,,19/02/2021,0,1,followers
Shannie87192088,"Pontian, Johor",27/11/2018,93,498,followers
xmrjml,"Bandar Klang, Selangor",06/12/2015,219,313,followers
Munnahafizah,,25/01/2020,6,210,followers
jungw0ogf,di sini dah,28/04/2020,638,799,followers
RJNual,Lost,24/03/2012,307,156,followers
zbellaana,,30/08/2018,1313,463,followers
aj_aeyjae_,Kuala Lumpur,14/12/2011,53,177,followers
YohanesL3,,31/10/2020,93,285,followers
Xtylish68044452,United States,18/02/2021,14,141,followers
Johnson54140583,United States,18/02/2021,4,178,followers
kringsorns,,10/01/2021,8,44,followers
nadzmiendes,,06/05/2019,128,140,followers
faizala2017,Kuala Kumpur.,16/02/2021,1,5,followers
TOfficialsg,,18/02/2021,1,159,followers
MutiaWidyaSari1,"Pekan Baru, Riau",03/11/2020,2,78,followers
nothing_simply,,13/02/2021,0,12,followers
Popeye79282422,,23/01/2021,6,379,followers
zakwannur,Jakarta/Yogyakarta,09/06/2009,3691,1012,followers
AyuuuuAzman,Malaysia,30/04/2012,102,235,followers
ErnaMer,,18/02/2021,1,10,followers
dllptndng,,23/08/2013,137,151,followers
haziqfarhan03,,16/05/2019,0,5,followers
fqsyafiqka,,26/06/2020,47,362,followers
ngamcafe,"Gombak, Selangor",09/02/2021,1,26,followers
MASLAM31570448,,02/01/2021,16,416,followers
Saharud41381627,,16/09/2018,2,66,followers
Leigh309805,earth,15/03/2014,25,176,followers
kikojoe_epul,Johore,29/04/2009,73,610,followers
nezz_mu,,17/02/2021,7,58,followers
bestkindoftrash,,13/02/2021,4,213,followers
muhd_hamzie,Forestry&Animals Sci stud‚ù§Ô∏èüíö,07/08/2014,265,469,followers
Syaufihani,,20/03/2013,36,882,followers
AmyAfiqa,kuala terengganu,02/12/2011,458,598,followers
wavytira,,22/11/2016,129,97,followers
Strange_F_Life,,24/01/2021,3,21,followers
nadiaroslannn,Malaysia,21/06/2019,17,261,followers
ezzding,,22/05/2019,51,302,followers
adindaa11580451,,16/02/2021,0,15,followers
imransuhaimi__,Malaysia,27/03/2013,104,119,followers
JaMew0221,Thailand,08/11/2020,167,321,followers
ilyasnewbie,Bandung ,16/09/2014,226,741,followers
Jivox,"San Mateo, CA",17/03/2009,1166,1046,followers
deluxyanne,,13/02/2021,1,10,followers
CaneoMary,,22/01/2021,1,18,followers
aZrYnNaZaNi,"Selangor, Malaysia",29/10/2009,50,159,followers
SembangAkaun,Malaysia,17/02/2021,4,9,followers
srhsunwoo,she/her üá≤üáæ 6teen,25/10/2018,594,723,followers
jasiah_cha,"Anyer, Indonesia",16/08/2013,109,798,followers
adlina_8m1t,In your HeartüëÄ,08/01/2020,6,12,followers
KerolCik,Malaysia,26/03/2015,340,534,followers
hoshua8_,,06/08/2017,16,103,followers
InfoShopee_ID,Indonesia,15/02/2021,2,26,followers
dyrazol,Kuala Lumpur ,07/01/2010,126,256,followers
MegaHygiene,"Kluang,Johor.",03/10/2014,19,28,followers
itsxzyra,"Selangor, Malaysia",07/04/2009,3,64,followers
Stanley74045358,,29/02/2020,6,322,followers
taufiqmidi,,24/01/2013,116,195,followers
perkxsabumi,Jiran Park Seo-Joon,28/11/2020,2,64,followers
Nurizzati671,Malaysia,06/01/2019,19,184,followers
Augusti85909687,,14/06/2020,0,74,followers
Rufaqak,Malaysia,17/11/2011,165,934,followers
Har47777525,,13/01/2021,3,25,followers
enorrwaheeda,sibu,17/06/2016,1280,1311,followers
hananiadzim,"Kubang Pasu, Kedah",11/09/2019,22,132,followers
sofiliciousmy,Kuala Lumpur,21/06/2020,2,23,followers
kihhiscute,weird bitch,18/09/2020,0,85,followers
deka_rafassya,"Jakarta Pusat, DKI Jakarta",15/10/2014,75,213,followers
TankianSeng24,Malaysia,26/05/2018,74,310,followers
nurul9769,,14/01/2020,0,29,followers
yonglishen,Malaysia,11/12/2014,15,83,followers
bespectacle_d,,16/06/2009,141,2834,followers
rebely_,Malaysia,22/02/2014,382,317,followers
FeenaMeil,alor setar,16/07/2012,0,84,followers
NajibHaris22,Malaysia,16/02/2021,0,10,followers
Mimiejanee,,24/01/2014,354,271,followers
babykekero,putrajaya,03/02/2019,988,1025,followers
Zull_fikarzul,"Perak, Malaysia",11/02/2021,15,90,followers
ara_cixhun,,29/04/2020,116,238,followers
_nedxander,TGG üá≤üáæ,01/02/2013,1197,359,followers
wanita_menulis,Malaysia,26/09/2019,65,319,followers
greenturtle_,,06/06/2012,313,301,followers
jvpointmy,Malaysia,13/02/2021,2,86,followers
samuelngu87,"Sibu, Sarawak",27/10/2010,35,397,followers
misseynaaaa,,02/05/2012,51,352,followers
SCsilpakorn,,03/07/2012,44,636,followers
cikalone89,malaysia,01/12/2017,132,456,followers
KashonMY,,16/05/2020,6158,11,followers
Jia_rizaira,Port Dickson,25/01/2011,119,230,followers
RiaRama_26,Tempat Yang Nyaman ,29/04/2020,9,81,followers
LydiabrianG,Cyberjaya,07/01/2015,513,949,followers
Farahhroslann,"Kajang, Selangor",14/04/2018,29,275,followers
SyafitriS,,21/11/2019,10,190,followers
ahxian5113,,16/02/2021,3,55,followers
muhamma51028749,,16/02/2021,0,12,followers
azmeerasri,"Selangor, Malaysia",01/10/2016,103,123,followers
Mcleod78815300,,09/02/2021,0,4,followers
Stinrhdyhh,"Batu Pahat, Johor",02/10/2020,0,61,followers
hilmi_eraser,,15/02/2018,561,1096,followers
WanAj02,Malaysia,12/01/2020,13,158,followers
khyrulazrey_,,30/08/2020,10,112,followers
amenggggg,dari kuala lumpur ke anfield,05/09/2009,836,586,followers
HardyBo05027971,,16/02/2021,0,17,followers
liyana_mel,Di hati tay sayang,24/06/2020,125,396,followers
Shafiqjaiman08,"Kampong Gajah, Perak",13/02/2021,2,50,followers
mn_fitrah,"Petaling Jaya, Selangor",06/03/2016,24,240,followers
karimah_isti,"Batang, Indonesia",25/01/2021,4,191,followers
Calicocatcutey,,08/11/2019,43,396,followers
AizadAizuddin9,,15/02/2021,2,28,followers
RifaieThaqif,,11/04/2013,235,956,followers
_nrnaimahhshim,Malaysia,10/02/2018,351,2035,followers
hussainhra,"Klang,Selangor",01/02/2015,323,787,followers
MokhtarHamizi,,04/02/2021,2,261,followers
jShea117,,25/06/2015,6,14,followers
breenabeauty,Malaysia,09/02/2014,2037,217,followers
Shoopee7,"Padalarang, Indonesia",15/02/2021,3,61,followers
ars67923903,"Padalarang, Indonesia",15/02/2021,0,46,followers
wP0AuzkKFILw12c,,02/01/2020,0,7,followers
Atzys_s,,06/09/2018,358,820,followers
tomorin4270gma1,,10/03/2015,173,1380,followers
do_glassng,,12/08/2020,3,160,followers
Vivi_Bernal7,"Asuncion, Paraguay üáµüáæ‚ù§",05/04/2019,493,3444,followers
OneAndOnlyIZONE,,01/12/2019,97,128,followers
RainIsLikeTears,,18/07/2020,2,12,followers
fabia71703975,‰∏≠Âçé‰∫∫Ê∞ëÂÖ±ÂíåÂõΩ,02/02/2021,0,21,followers
ilynrhmn,,29/01/2012,229,533,followers
NQyiTyw04ODerWb,,23/03/2019,1,57,followers
HanEunKyo4,"Sarawak, Malaysia",04/02/2018,32,327,followers
_gadisaprill,,02/10/2020,6,33,followers
FatihahCRuzman,Earth,20/05/2016,56,188,followers
DoonMarniee,Cyberjaya,17/06/2013,21,216,followers
zg8z3WvPUKMSfuA,‰∏≠ÂõΩ,08/01/2021,9,60,followers
encikzahid,"Georgetown, Penang",11/08/2011,70,438,followers
may_maylion,Thailand,17/12/2020,182,500,followers
shilaromales,,15/02/2021,2,18,followers
taisi895,,28/04/2020,10,348,followers
Lalaput3ri,Malaysia,31/10/2012,372,232,followers
EajMark,,19/11/2020,107,312,followers
peachleah_,,07/08/2017,505,2595,followers
fluffyjunhao,trash ,01/07/2018,1444,709,followers
aixia1305,,02/10/2020,0,24,followers
btrflyei8ht,"Jawa Barat, Indonesia",25/02/2020,50,197,followers
sweetp_nct,,04/02/2021,1,19,followers
MazlanDeena,,12/11/2020,5,218,followers
peppersha1, üáµüá≠ Philippines,12/07/2020,7,294,followers
fazainfaz,"Seremban, Negeri Sembilan",22/03/2020,11,101,followers
ArsyAK12,,28/12/2020,16,118,followers
Pratama82Adhy,,28/12/2020,9,112,followers
iam_cleverr,Malaysia,23/01/2019,27,126,followers
Eva_susu7,,08/12/2020,197,722,followers
syhoneysuckle,Malaysia,27/12/2019,258,321,followers
joeypandaa,Thailand,23/11/2020,114,206,followers
ImanSyahmy,,23/10/2015,32,253,followers
chuju328,,14/02/2021,2,17,followers
bradermantiq,,14/02/2021,0,17,followers
sarahharonz_,,17/12/2016,71,95,followers
Ashmawi93,,18/01/2013,449,3586,followers
enriquedanny,"Perlis, Malaysia",25/02/2011,935,1869,followers
sleepyyheadg,Sabah ,08/01/2015,893,879,followers
adzren,"Seremban, Negeri Sembilan",02/12/2009,274,238,followers
farhaniskandarq,,08/07/2014,4832,2108,followers
LL3HowfgplbkT9c,"Johor Bahru, Johor",14/02/2021,0,81,followers
Adzhar25813713,,08/02/2021,0,8,followers
Babytaeri1,,02/07/2020,24,509,followers
junetheseven,üá≤üáæ …™·¥ã·¥è…¥…™·¥Ñ  ô ü…™…¥·¥ã ·¥õ·¥á·¥ú·¥ç·¥á ‚ô°,11/10/2010,104,2715,followers
wnainajwa,,11/02/2019,87,125,followers
meiqinliu1,,28/03/2020,10,330,followers
MYlifexxxkenxxx,,16/12/2018,50,498,followers
Asparagastadamm,,28/12/2020,17,266,followers
LalaAngel7,"Guadalajara, JAL. Mexico ",14/04/2010,431,2073,followers
reeennnn_,unofficially 21' | üá≤üáæ,23/06/2019,17,282,followers
Weyyoo4,,14/01/2021,0,5,followers
MMew2020,,31/10/2020,53,119,followers
Q0aG4Gh205vYrFH,,27/11/2020,97,1590,followers
zimirene,Hong Kong,19/06/2019,63,228,followers
TheMoonHerald,Thailand,14/10/2020,3170,265,followers
bunnieytrap,"Kajang, Selangor",09/09/2019,56,405,followers
taehyungiewie,,02/12/2020,19,251,followers
minara202,Malaysia,24/12/2019,119,556,followers
aindurrahh,,09/03/2019,11,159,followers
ashmlek_,,02/06/2015,305,591,followers
ShweyaungA,,03/02/2021,42,869,followers
papercuts_shop,"üáµüá≠ based est. feb 10, 2021",29/05/2020,656,476,followers
ParkchuO,Malaysia,16/01/2020,30,272,followers
athiqahjohari,,12/10/2012,190,195,followers
razlinayin,Taiping,15/01/2011,550,595,followers
luvieya,,27/01/2021,2,110,followers
ANN16339299,,10/11/2019,3,64,followers
L0l4_InX,,15/10/2020,211,664,followers
Ila_NashDean,"6.438389,100.27044",13/01/2012,45,91,followers
_ainaaaaak,,10/07/2020,8,90,followers
Naufal71131589,puchong,14/02/2021,12,27,followers
SnsdExoBts_,,19/05/2020,189,964,followers
muhamma24537271,"Sepang, Selangor",14/02/2021,3,59,followers
nratiraa_,shah alam,30/09/2018,323,456,followers
edanial97,"Kuala Lumpur, Wilayah Persekut",06/06/2012,634,458,followers
NurfaindahSiti,Jakarta Capital Region,09/11/2020,21,235,followers
AthirahZulhilmy,,20/05/2018,74,321,followers
hairie46,,17/09/2011,137,275,followers
regardedilla,,26/09/2019,7,200,followers
rahimzaheerx,Malaysia,20/11/2020,0,63,followers
miratehais,MY,22/06/2015,149,228,followers
azliyanz83,Kuala Lumpur Federal Territory,04/02/2012,113,428,followers
norazamkeling_,,06/02/2021,1,18,followers
harithshafiq2,,23/05/2020,0,2,followers
affinmohdnor,Malaysia,22/03/2010,337,696,followers
MRA_ridh96wan,,14/02/2021,7,188,followers
Khairulzakirin6,"Kelang, Selangor",21/01/2019,94,392,followers
jjiieexxii,,12/03/2011,132,2419,followers
lolipopboy68,Malaysia,13/02/2021,0,20,followers
hanzgadget,Ô£ø ,05/06/2016,9530,621,followers
armaanfarihin05,"Selangor, Malaysia",30/11/2018,198,1823,followers
hzqzf,,28/11/2012,494,328,followers
afiqahnasirxx,Malaysia,04/04/2019,23,290,followers
sykalnzasana3,"Sarawak, Malaysiaüá≤üáæ",13/02/2020,108,404,followers
eekkrroommiiee,,12/05/2020,14,58,followers
daveetannn,"Sabah, Malaysia",22/12/2015,53,141,followers
lil4lan9,Malaysia,09/04/2010,59,421,followers
_ahmad_tirmizi,"Bandar Kuala Terengganu, Teren",16/11/2016,68,422,followers
iwan99950,...,10/12/2016,14,73,followers
MNrdayu,"Tambunan, Sabah",16/12/2019,31,296,followers
nabilisme19,Malaysia,03/02/2011,147,258,followers
aininsofiyaas,Malaysia,24/09/2017,111,220,followers
itsmeyushanita,,15/10/2020,19,84,followers
CSchya,Earthüåç,13/08/2018,375,1695,followers
tg_izzuddin,Malaysia,04/03/2010,863,584,followers
lengthloy,Ipoh ,14/02/2021,105,521,followers
madlullabyss,,28/11/2020,11,66,followers
jjjinieeemoon,,20/05/2018,27,96,followers
AzliNurazza,,01/08/2020,11,91,followers
fatinxelyana,"Barnet, London",12/07/2015,103,417,followers
hidayahlian,,14/11/2012,135,218,followers
Zaman61494862,,13/11/2020,1,52,followers
Amiruddin_wm,Kuala Lumpur,29/09/2017,43,588,followers
tashamiera1,,23/09/2018,31,303,followers
nurfarahfarizah,,21/09/2012,543,366,followers
bunbil_,"Terengganu, Malaysia",03/01/2015,55,560,followers
neykehcni,Dunia nan sementara,14/08/2015,123,315,followers
nikkk_amirul,Malaysia,07/12/2020,73,723,followers
JavaKem,,06/01/2021,1,85,followers
AimanKamal_,"Perak, Malaysia",02/12/2012,295,395,followers
yayalanddd,"Perak, Malaysia",11/12/2017,270,666,followers
chingutopokkii,,23/10/2020,271,852,followers
EncheMarchisio,You Dont Have To Know,01/09/2009,1096,998,followers
aawarazmi,,26/01/2019,11,245,followers
rainnadhira,Kuala Lumpur,29/05/2009,459,1762,followers
a_amiraqqim,"London, England",20/05/2017,319,939,followers
Ajimitsue,,02/05/2012,19,490,followers
Fikri45965737,,09/02/2021,0,16,followers
MutiaraTsaniaf,,24/01/2021,2,57,followers
noranisah__,"Johor Lama, Johor",22/12/2014,483,849,followers
blqsz02,Malaysia,15/02/2018,251,266,followers
wnmaisaraaa,,02/06/2012,224,583,followers
Missaishazehra1,,06/12/2020,14,389,followers
yanaqila_,,11/02/2021,3,69,followers
nrafifh732,,03/02/2021,6,61,followers
M_Suhail02,"Kelantan, Malaysia",02/11/2017,90,325,followers
SueAzeeza,,25/09/2009,156,301,followers
muzakirrmy,Malaysia,10/06/2019,847,595,followers
kaylayiyi,,15/08/2014,25,421,followers
annisazwani,,25/10/2012,1224,685,followers
alliyahnur4,"Petaling Jaya, Selangor",15/07/2016,48,425,followers
Ayein96,,26/11/2017,390,411,followers
mnrhanani,,26/11/2020,107,177,followers
ecahzuli1,,13/02/2021,1,14,followers
fiqanazrin,,30/11/2020,6,107,followers
Sarah56891980,,22/12/2020,2,14,followers
onminho1209,üá≤üáæ,21/12/2014,39,83,followers
arsharomanov_,,14/02/2021,0,95,followers
hafieyz3,Kuala Lumpur Federal Territory,19/03/2019,101,184,followers
nrulysri,"Selangor, Malaysia",20/05/2015,30,108,followers
chocojaraddict_,,13/02/2021,0,39,followers
NenaSuhaimi_,Ampang,28/07/2012,444,573,followers
AH36mucwssdIb0Q,,20/12/2020,4,27,followers
nr4mxlxn,malaysia,28/09/2012,1010,713,followers
wawawongg_,,11/01/2021,1,38,followers
iqajamaludin,,24/03/2020,20,213,followers
muhdirfanrosli,"Plentong, Johor",17/08/2017,159,208,followers
naniebeela,,09/02/2021,15,52,followers
AidanBaihaqi,,13/02/2021,0,25,followers
muhdhlkyu,,19/04/2018,20,279,followers
izzahamzan,,27/12/2012,489,521,followers
hananotana,"Batu Pahat, Johor",01/07/2017,10,52,followers
rzmlnghn,,11/02/2021,0,113,followers
CikhaZm,Earth,16/08/2019,1,12,followers
Ihsan7377,Malaysia üá≤üáæ ,09/12/2020,5,53,followers
azrulazuan88,,18/01/2015,29,247,followers
zatiemimi,,10/02/2021,0,21,followers
nurcahy19274828,,18/11/2020,0,22,followers
rizainadiah,,15/04/2010,15,78,followers
coverline89,Colombia,12/02/2021,0,168,followers
muazmuttalib,,26/05/2018,43,195,followers
abudzarprusbn,Malaysia,01/02/2021,11,108,followers
Lagenda_Novel,Kedah,16/01/2012,202,826,followers
pro_street87,"Bandung, Indonesia",18/05/2020,196,2587,followers
aleqxier92,Brunei,17/03/2020,2,232,followers
Lisanna70060153,,12/02/2021,1,52,followers
LimPeter,"Kuala Lumpur, Malaysia",16/05/2009,480,389,followers
sebuahtandaa,,17/01/2021,6,176,followers
ELoveray,"Sabah, Malaysia",14/12/2020,1,107,followers
ohnimchill,,18/05/2020,180,475,followers
_nsyahidahh,she/her,11/02/2021,13,179,followers
shalizazuraimi,,05/07/2019,8,103,followers
_nblhj,SAC ,14/07/2016,203,303,followers
AqilaRefpy,,12/02/2021,33,323,followers
CorianaUmpi,,11/02/2021,0,10,followers
fitrisyaamanda,,22/12/2020,295,1450,followers
pwettyskin,"Negri Sembilan, Malaysia",09/02/2021,1,10,followers
sarfynaazario,"Selangor, Malaysia",24/04/2012,53,408,followers
KeedalSabrie,,28/01/2021,24,1932,followers
Zufayri_22,"Kota Kinabalu, Sabah",01/11/2013,542,510,followers
aneptheofficial,,11/02/2021,1,50,followers
davidchungwung,,11/02/2021,0,22,followers
HarveyLynn6,"Austin, TX",04/12/2020,140,344,followers
seo_dalmia,Malaysia,17/11/2020,431,216,followers
SyafinazRzk,MY,29/06/2013,431,421,followers
mysavageboi,ùöãùöéùöëùöíùöóùöç ùö¢ùöòùöû,29/12/2018,239,856,followers
fazrulkhan,Malaysia,14/09/2011,37,822,followers
__syrf,,03/07/2020,145,323,followers
yujivie,,19/12/2020,2,171,followers
Muhamma04200503,,11/02/2021,0,37,followers
Yes4G,,07/01/2010,19626,11082,followers
Peterpa22448475,"Bandar Kuala Lumpur, Wilayah P",11/02/2021,0,55,followers
MSBUILDERSErMS1,"Rasipuram, India",30/10/2020,29,866,followers
YSonmia,,05/02/2021,146,674,followers
_adamsabri,Jezero Crater,22/04/2012,130,221,followers
solehreborn,"Kota Tinggi, Johor",07/12/2011,385,349,followers
dov_Now,Indonesia,22/12/2016,377,763,followers
Ytriz7w01SOBC6R,"Âåó‰∫¨, ‰∏≠Âçé‰∫∫Ê∞ëÂÖ±ÂíåÂõΩ",30/05/2018,0,39,followers
tilamkakabu,,10/02/2021,2,14,followers
eddarose99,,04/10/2020,3,60,followers
Hasanah25534710,Raja chulan kuala lumpur,26/06/2020,1,30,followers
wawuzAF,Malaysia,23/08/2018,9,412,followers
lengkuashijau1,,22/08/2020,1,28,followers
parkjookie,army sabah,01/01/2019,47,175,followers
B0kss04,,13/08/2020,4,225,followers
naddylovesyou,Malaysia,07/02/2019,153,623,followers
88Money1,,31/08/2019,6,33,followers
HwaYunjongho,Malaysia,19/01/2021,150,216,followers
shiinkiier,,25/06/2014,239,1337,followers
RodliyahH,,13/07/2018,8,116,followers
KherulNixam,"Tanah Merah,Kelantan,Malaysia",01/02/2011,274,623,followers
hafizwtf,muddy confluence,08/08/2016,29,323,followers
syamimsyufiana,"Kuala Terengganu, Terengganu",08/04/2010,360,326,followers
moaatyun,bangtan forevahh ,01/01/2017,1264,1747,followers
Idgafidiard,,20/01/2011,192,455,followers
88Gemilang,,25/09/2019,100,925,followers
yohan_kim9922,ÏöîÎûëÎã®üá≤üáæ,27/10/2019,99,192,followers
dewi_sury,"Kuala Lumpur, Wilayah Persekut",27/12/2020,16,622,followers
atikahdanian,,31/07/2012,937,1861,followers
tikah95086462,Malaysia,06/10/2020,33,506,followers
subhawa_sanjaya,,09/12/2020,5,643,followers
alysyashsh,,01/02/2021,3,11,followers
vertilova,,09/02/2021,0,11,followers
nsyakirah10,,26/07/2014,102,153,followers
AmirahUp,Malaysia,09/02/2021,6,89,followers
Heyitsfatur,"Serang, Indonesia",20/08/2020,93,412,followers
NurAzizOnline,Malaysia,06/04/2019,0,19,followers
Anita2749802587,,29/12/2020,0,3,followers
nasywaurely,"Karawang, Jawa Barat",10/01/2021,3,31,followers
naziranasrie,,28/11/2018,72,782,followers
svtmin9yu17,caratland üá≤üáæüê∞ü•ï,21/10/2020,221,414,followers
viannaarosee,somewhere in Borneo,27/11/2017,43,80,followers
nhdayah__,"Bandar Klang, Selangor",16/01/2014,1578,1594,followers
phinterpaner,,21/12/2020,2,267,followers
BaiqShukri,,09/02/2021,0,16,followers
_cheolling,,03/11/2017,24,130,followers
sopethebrocolli,"Hobi's üíõ, Gwangju, Hope World",24/05/2020,130,627,followers
HuzainiNisa,,01/11/2019,21,304,followers
zieruliffa,,28/01/2021,0,23,followers
HayoungApink7,,28/06/2019,0,13,followers
peyyzhen,,31/10/2019,55,315,followers
family_ooo,,09/02/2021,0,2,followers
QILAQLA,Under the sea,29/06/2010,2330,410,followers
vimmmmmmmmmm,Indonesia,16/09/2013,994,955,followers
Leeyaa21155624,ùê¶ùêÆùê•ùê≠ùê¢|„Ç∑Ô∏é,11/12/2020,18,290,followers
ricafort_vicky,,29/01/2021,15,191,followers
ramlankru,,10/11/2011,5,41,followers
kyungseungji55,,26/08/2020,581,2826,followers
shopeeholic,,08/02/2021,0,2,followers
chae13_yann,üá≤üáæ,21/06/2020,89,278,followers
eggkans,Âú∞Áã±,23/04/2020,208,763,followers
eztraf,Malaysia,08/07/2017,206,213,followers
echanxoxo,she/her  ‚Ä¢ MY ‚Ä¢ ,06/02/2012,1406,1212,followers
IekaMimi,,08/02/2021,0,70,followers
FadzlyHipni,"Sarawak, Malaysia",14/02/2013,28,147,followers
redbeanhao,minghao‚Äôs bar,26/12/2020,79,129,followers
oPIFLAoFOU0izZ4,,07/12/2020,0,50,followers
harmoniewong,"3.150314,101.616287",15/06/2009,1534,514,followers
hansolbonon,,17/10/2020,71,101,followers
hgrygrl,,27/04/2013,663,175,followers
spolcyc11,,19/10/2017,272,258,followers
ItjeHandayani,,10/07/2020,0,30,followers
PuanLiza,,20/07/2010,39,156,followers
error404_28,Planet Earth,11/02/2012,91,570,followers
4eelvaa14,,27/03/2020,186,451,followers
HhSouq,,15/10/2020,88,44,followers
TioniRM,,07/10/2013,88,137,followers
marcusquebitch,ÌïÑÎ¶¨ÌïÄ Í≥µÌôîÍµ≠,25/10/2013,310,429,followers
MatAripyep,"Johor, Malaysia",04/12/2015,21,318,followers
felix_jianwei,"Dun Laoghaire, Ireland",07/02/2021,8,138,followers
bukutigalima555,,29/01/2021,41,71,followers
neufkhazanah,"Perak, Malaysia",26/07/2018,8,95,followers
adithyawilson,Malaysia,28/01/2012,9,107,followers
qiden_azraei,,10/07/2016,14,184,followers
AAeilla,,07/02/2021,0,43,followers
Nadia_syamimi,,25/01/2012,1487,1446,followers
iamhaikalimran,"Petaling Jaya, Selangor",26/02/2017,158,318,followers
Abilkaizen,Malaysia,25/09/2013,160,602,followers
k_banhawy,Egypt,09/09/2011,5,108,followers
nrulfr,Malaysia,13/02/2018,99,250,followers
mshoaibawan07,Hyderabad,29/07/2014,17,391,followers
faiziradzi,Aotearoa,16/04/2012,52,470,followers
Thinagaranthi15,,28/01/2021,5,112,followers
tnmzzz,,30/01/2021,7,34,followers
MerdekaSuara,"Kuala Lumpur City, Kuala Lumpu",30/10/2019,1836,339,followers
Fatimah15261683,,20/01/2021,12,220,followers
FaeLulla,,01/02/2021,2,23,followers
khaifitz07,,25/07/2018,326,768,followers
MeghaRaman,Malaysia,24/05/2011,7,109,followers
itsdia,,21/08/2018,51,1865,followers
Klubiee,,01/12/2018,24,310,followers
solehudinrosman,Kuala Lumpur ,04/04/2013,50,333,followers
PikaSakri,"Kuala Lumpur, Wilayah Persekut",20/12/2010,390,1231,followers
knl418,,12/08/2018,19,243,followers
hafizuddinsw,,27/01/2015,500,487,followers
heykiki_20,Malaysia,02/04/2013,16,89,followers
wootinyyy2,,21/03/2020,1063,1475,followers
IliImanina,"Selangor, Malaysia",08/12/2012,673,400,followers
yuliaputr,"Salatiga, Jawa Tengah",23/09/2011,545,220,followers
Zara04234461,,07/02/2021,1,88,followers
deorunner,"Kajang, Malaysia",28/03/2009,537,368,followers
queeny_fancy3,Indonesia,13/07/2020,213,110,followers
atiqah_azli,,19/04/2011,503,448,followers
Johnjonyjonat,"Putrajaya, Putrajaya Federal T",24/10/2020,11,205,followers
annasyahidatul,Malaysia,06/08/2020,24,136,followers
ainnursuehain,,25/05/2012,407,347,followers
VwFCF0LT9xoEM2e,,23/07/2019,0,51,followers
saraleelss,"Bandar Melaka, Malacca",18/10/2012,39,226,followers
EzaBBjer,"Sarawak, Malaysia ",24/01/2021,13,76,followers
Sue83772173,,13/07/2019,1,55,followers
tokayah_bangi,,13/05/2020,0,5,followers
fanabqihh,ü§ç,08/10/2020,105,212,followers
InthehouseMika,,14/07/2019,5,19,followers
weedawaldorf,Full time stalker,01/05/2011,383,382,followers
syahirahnjw,"Kuala Lumpur, Wilayah Persekut",18/12/2020,1,60,followers
rinieysrlnee,IQBL,15/09/2016,93,222,followers
aepr_b,Thailand,10/04/2020,1,398,followers
miss_ryanna,"üá≤üáæKuala Lumpur, Malaysia",27/10/2008,56,253,followers
FiezaHanif,,06/02/2021,13,20,followers
hyucknom,nct's,25/12/2020,281,370,followers
FakhruddinFiqri,,06/02/2021,8,40,followers
fuck_you1738,,10/12/2016,53,435,followers
Venus59819105,Filipino,27/11/2020,3,11,followers
mrrfoxtrot,Papua New Guinea,27/08/2008,97,757,followers
nizamauliyak,,24/01/2021,10,247,followers
nurizwa19072999,,28/01/2021,1,17,followers
nellieath,,23/06/2020,94,146,followers
mydearhyunsukie,,28/05/2020,14,319,followers
designantora16,"Dinajpur, Bnagladesh",15/08/2020,148,2900,followers
aen_iam,Malaysia,22/01/2013,720,1533,followers
embersss_,,04/03/2014,102,222,followers
enko_ethan,,18/02/2016,6,131,followers
syafique,Singapore,19/02/2009,3666,744,followers
AainaMazlan,MALAYSIA,04/06/2011,41,284,followers
izztnjmi,"Kedah, Malaysia",10/05/2018,275,633,followers
eddilfz,,30/12/2012,9,645,followers
Lolicon125,,01/03/2015,12,1108,followers
AzharCarz,"Stamford Bridge, England",06/04/2010,463,507,followers
wawabellaa,,21/12/2019,66,113,followers
passio_nick,Malaysia,20/01/2021,6,66,followers
fatin97mastura,"Perak, Malaysia",02/04/2015,268,1184,followers
zaimahzulkefli,BatuPahat,01/06/2009,70,314,followers
Abdulla99952543,,30/01/2021,1,84,followers
zammm1992,Kuala Lumpur City,06/02/2021,0,24,followers
Kr759956949,,28/06/2019,2,114,followers
richantae,,30/08/2020,54,462,followers
dontyoudarehun,,12/10/2011,578,166,followers
sbetan2000,"Manchester, England",17/10/2011,431,4807,followers
Aena77693667,,02/10/2018,0,69,followers
levi_mayihlome,,03/01/2021,19,268,followers
nanjemii,ŸÅŸä ÿ£Ÿä ŸÖŸÉÿßŸÜ ÿ£ÿπŸÜŸä ÿ£ŸÜ ÿ£ŸÉŸàŸÜ,28/09/2017,155,360,followers
Muchlis46388402,,01/10/2020,4,125,followers
nurulsyxkila,,04/02/2021,6,81,followers
NauraBatari,"Kota Surabaya, Jawa Timur",05/02/2021,0,51,followers
shesyana,Malaysia,05/07/2011,398,402,followers
Cloudyzuu,,04/11/2020,232,369,followers
KucingssM,,05/02/2021,6,67,followers
dionaldo_pierre,Straykids best boys,17/07/2020,176,996,followers
Iyanazaralysa_,,04/11/2017,17,128,followers
fadlisailan,Kampung Sijangkang,23/06/2011,369,756,followers
Hidozu1,,28/12/2018,207,1883,followers
afienanano,Malaysia,24/12/2012,565,511,followers
HaCkim_Aiman,IISKD || IQKL || IIUM,01/12/2009,238,431,followers
LeeLieen,,19/12/2009,70,409,followers
Cerrie18,With my beloved BTSüíú,04/02/2019,25,149,followers
nihelos93,"Penaga, Butterworth",08/05/2010,482,651,followers
Faozhi_if,yogyakarta,28/05/2015,17,32,followers
adhmlee,,09/01/2012,663,322,followers
_ainaa17_,Malaysia,15/08/2016,113,367,followers
ry0__69,Celebes sea,01/08/2019,14,129,followers
aimihiroo,,13/10/2018,25,190,followers
aliayasmine,,02/08/2009,369,689,followers
Safri_Shaha,,15/04/2009,117,979,followers
hadhinah_hafas,"Setapak, Selangor",12/12/2009,203,500,followers
syafiqaazhar,Nilai,11/02/2012,224,343,followers
jinsoulowo,19 | she/her,16/08/2018,245,468,followers
AnnCucutoklegeh,KlateTeganu,09/03/2014,285,357,followers
walking_moons,Malaysia,10/09/2019,44,1849,followers
ansnatasyaa,Malaysia,04/02/2020,35,81,followers
MomoiRyn93,Penang,05/02/2021,115,286,followers
FuzaRuslan,"Pahang, Malaysia",21/06/2018,489,1129,followers
izzatsamem,,01/08/2018,128,369,followers
syedamir,"Malaysia, KL - Cyberjaya",10/08/2009,351,1235,followers
NieFeng80,earth,19/08/2011,201,1047,followers
ziemohamad,Malaysia,14/09/2011,837,340,followers
NoralinaLina1,Putrajaya Federal Territory,21/01/2020,69,430,followers
sarahheyyyo,60,30/09/2015,252,963,followers
sNSR___,Malaysia,26/04/2015,198,488,followers
aiiiinnnnnnnn,,23/07/2015,20,135,followers
nadzmi_naimzz,Kuala Lumpur City,12/01/2011,456,376,followers
CartillaAshley,,03/02/2021,25,134,followers
twinkle_shownu,MY | 97‚Äô,28/02/2019,441,593,followers
umairahnas,"Malacca, Malaysia",10/11/2016,345,969,followers
cheqyayah,,08/07/2011,438,283,followers
arfahaziqah02,"Perak, Malaysia",20/08/2015,368,171,followers
huzaifihasnol,Putrajaya Federal Territory,17/12/2010,364,464,followers
YusofAhmad,"√úT: 3.114534,101.5264947",18/06/2009,475,639,followers
ilyaaa94,"Pasir Mas, Kelantan",30/01/2016,212,472,followers
AhuaCatherine,,05/02/2021,2,63,followers
fatinfatih4h_,ùêãùêÄùêçùêò ‚ô°,05/08/2018,161,266,followers
theghrack,Kl-selangor-johor,15/01/2016,9773,2778,followers
athikaaah,KUL üá≤üáæ,05/09/2010,470,248,followers
bohpi,Kuala Lumpur,26/09/2009,106,252,followers
nrlftia,,23/04/2020,15,72,followers
BizFasihah,Malaysia,31/01/2021,331,462,followers
CheeseWineRain,Malaysia,23/03/2020,6,107,followers
ArmyNctzenLove1,Malaysia,04/02/2021,8,237,followers
Mayjuneeee,,09/03/2012,258,136,followers
Sajafaizv,Malaysia,17/05/2020,9,99,followers
mysarabella,"KL, Malaysia",29/06/2009,1226,364,followers
IsnoraGusti,,03/01/2021,61,482,followers
BingLim7,,23/03/2020,4,71,followers
ayusaaidin20,"Kedah, Malaysia",01/02/2021,1,18,followers
AMAYTHAR7,,04/02/2021,13,226,followers
Tom_Likes_Games,,06/12/2019,890,4825,followers
bAe__2000510,,30/01/2018,392,641,followers
fiqveo,26700 | 40400,06/08/2015,117,152,followers
nasilemak4life,"Kuala Lumpur, Wilayah Persekut",24/11/2019,6,79,followers
MassiouV,,01/06/2011,58,685,followers
aijazfaisal,Malaysia,05/07/2011,67,61,followers
dzaidzubir,"Kedah,Malaysia",14/01/2012,432,718,followers
zay_yarko,,04/02/2021,10,101,followers
Sday_23,SHE/THEY ,03/06/2016,359,151,followers
assearaaa,,18/07/2014,102,155,followers
byuls_1222,,01/11/2017,48,282,followers
RazaliHusaini1,Malaysia,28/01/2021,2,64,followers
fourwantfive,,16/10/2013,319,915,followers
Aien_tyra00,"Selangor, Malaysia",04/12/2019,3,175,followers
cixbaely,,01/12/2017,257,323,followers
PreciousWoonie,,02/11/2018,302,594,followers
februarydino,"Miri, Sarawak | üá≤üáæ",30/11/2017,1829,4877,followers
_BTSxARMY_123,"Johore, Malaysia",28/02/2017,42,520,followers
Iryz7,üá≤üáæ,02/01/2018,180,532,followers
hyunjae_bf,Indonesia,26/02/2011,532,901,followers
6ZjXAextIUdWuM1,,01/02/2021,0,3,followers
VivekananthaC,Kajang,04/03/2012,135,567,followers
tbzmclj,,26/01/2021,29,79,followers
Kttyong,She/Her,05/11/2020,43,133,followers
icepenguu,,26/12/2019,57,295,followers
fsmumu0104,ÂçÉËëâ Èñ¢Êù±Âú∞Êñπ,14/03/2015,711,2019,followers
kupu2diatasatap,,30/12/2013,66,595,followers
mookiemons,,06/02/2017,46,145,followers
yy201120,,06/01/2012,194,152,followers
nunaakim_,BUSY,16/08/2020,245,593,followers
farynn01,Taiping-Guildford-Twickenham,16/12/2009,438,781,followers
farahnotmuggle,"Kota Kinabalu, Sabah",04/12/2014,226,362,followers
jisunglipbalm,,25/12/2019,86,146,followers
ThaiiiiMagician,Worldwide,08/08/2020,100,4995,followers
iris_0406,,07/10/2019,304,952,followers
tennectar,gfriend & gidle too üíö,21/01/2018,108,180,followers
vleeya2,"Selangor, Malaysia",04/12/2016,54,229,followers
Weynssi,Malaysia,17/01/2013,467,447,followers
hwangshua,"Í¥úÏ∞ÆÏïÑ ÎÑàÏùò ÏÑ∏ÏÉÅÏùÄ
ÏßÄÍ∏àÏùò ÎÑà Í∑∏ÎåÄÎ°ú ",15/11/2019,693,1189,followers
_wxnderer,forever in wonderland w 1THE9,14/03/2019,134,316,followers
doit4lyfe1,Forever Wannable & Oneit üá≤üáæ,01/10/2019,162,246,followers
coffeelattle,,14/12/2019,75,1212,followers
soarsido_,,17/06/2020,18,241,followers
Liyong20875831,,30/12/2020,0,74,followers
NOELQUEZON,"Cebu City, PHILIPPINES. 6000PH",16/05/2020,17,387,followers
imani_alifa,,02/11/2020,7,615,followers
hui_ong0307,,05/11/2011,49,143,followers
aseymamamamamoo,Malaysia,21/07/2020,198,480,followers
Noyo4Jiu,,16/12/2020,16,115,followers
ShopeeVN,http://shopee.vn/,21/01/2015,1581,4,friends
ShopeeTW,"Taipei City, Taiwan",21/01/2015,271,34,friends
ShopeeTH,Thailand,21/01/2015,170689,7,friends
ShopeePH,Republic of the Philippines,17/02/2015,143520,9,friends
ShopeeSG,Singapore,24/02/2015,7885,9,friends
ShopeeID,Jakarta Capital Region,15/01/2015,559408,6,friends