query,tweet_text,tweet_created_at,reply_text,reply_created_at,response_time
@grabmy,@CyphRamli @GrabMY @InjangNation Kami telah memaklumkan pasukan customer service kami untuk membantu anda. Kesabaraan anda amat dihargai.,2021-02-03 10:58:42,@HappyFresh_MY @GrabMY @InjangNation Baik. Terima kasih!,2021-02-03 11:37:31,0:38:49
@grabmy,"@HappyFresh_MY @GrabMY @InjangNation Hi. Terima kasih.
Order :R569581305",2021-02-03 10:48:50,@CyphRamli @GrabMY @InjangNation Kami telah memaklumkan pasukan customer service kami untuk membantu anda. Kesabaraan anda amat dihargai.,2021-02-03 10:58:42,0:09:52
@grabmy,"Panda superbike 🤣 but please @foodpanda_my and @GrabMY always remins your riders to ride safe, slap those customers… https://t.co/CILCtEXY3w",2021-02-03 10:47:02,"@Amin_Shabugi Hi @Amin_Shabugi! May we know your concern in detail via DM so that we can assist you further, please?",2021-02-03 10:50:51,0:03:49
@grabmy,@GrabMY hi. Camne nak buang payment method untuk debit cards,2021-02-03 10:42:42,"@farraoublala You're welcome, take care and stay safe 💚",2021-02-03 10:54:56,0:12:14
@grabmy,@GrabMY I don’t get how you guys still can have issues with GrabPay top-ups. It’s your own damn payment method yet it’s screwed as all hell,2021-02-03 10:17:16,"@extinctdodobird Hi, let us help to check on this, can you DM to us your phone number and Email as well as the scre… https://t.co/0VOeoHM2Ot",2021-02-03 10:20:26,0:03:10
@grabmy,"Dear @GrabMY , boleh tak jangan limitkan topup grabpay mesti rm50........tolongla kasi option utk topup rm10 rm20 o… https://t.co/NirKmjvnsF",2021-02-03 9:40:48,"@whoszico Hai, terima kasih kerana menghubungi Grab, untuk makluman, anda masih boleh top up RM10 dan RM20, sila ru… https://t.co/MOJFRPWfMM",2021-02-03 9:50:38,0:09:50
@grabmy,@GrabMY is it possible to order food from two restaurants and have them delivered in one go? or can I only order separately?,2021-02-03 9:19:24,"@Momopopohehe Hi there, you will need to make separate order for order from different restaurant. Hope this clarifies 🙏",2021-02-03 9:24:57,0:05:33
@grabmy,"@CyphRamli @GrabMY @InjangNation Hai, minta maaf atas segala kesulitan. Bolehkah anda kongsikan nombor pesanan anda… https://t.co/Fo7treSyYS",2021-02-03 9:18:07,"@HappyFresh_MY @GrabMY @InjangNation Hi. Terima kasih.
Order :R569581305",2021-02-03 10:48:50,1:30:43
@grabmy,@GrabMY how abt my points earned in jan-jun 2020? I earned 4000+ pts .You didnt include that and you downgraded me.… https://t.co/Hhkfbrekmz,2021-02-03 8:53:15,"@strawberryy_m1 Let us check on this ya, can you PM us your phone number and email address registered for further c… https://t.co/4Pw41UwQEq",2021-02-03 8:58:51,0:05:36
@grabmy,"@GrabMY if earn 4000pts total in December and i redeem 1000 points in the same month. 
Now jadi 3000pts. Meaning to… https://t.co/bVJtFiMJEt",2021-02-03 8:38:08,"@strawberryy_m1 Hi strawberryy, spending the earned reward points will not affect your tier progression. If Jul 202… https://t.co/YPWqLyhw3Z",2021-02-03 8:42:27,0:04:19
@grabmy,"""..pesan barang dapur di @HappyFresh_MY, bayar guna @GrabMY wallet. Duit dah potong, tapi tiba-tiba slot unavailabl… https://t.co/aGu1vQegOa",2021-02-03 8:27:24,"@CyphRamli @GrabMY @InjangNation Hai, minta maaf atas segala kesulitan. Bolehkah anda kongsikan nombor pesanan anda… https://t.co/Fo7treSyYS",2021-02-03 9:18:07,0:50:43
@grabmy,"@GrabMY I dont really understand your points system. I am new to grab.Does it mean once i achieve 3,500 points, the… https://t.co/I6695ePNZp",2021-02-03 8:03:56,"@strawberryy_m1 Hi, the required points for membership tier progression needs to be earned from transactions, pleas… https://t.co/5kFDedvgvG",2021-02-03 8:14:24,0:10:28
@grabmy,"@GrabMY Hi. During the mco period, we are allowed to travel in a grabcar with a maximum of 2 passengers right ?",2021-02-03 7:56:41,"@marieeemarieee_ Hi there, yes you may travel with GrabCar with a maximum of 2 passengers + 1 driver during MCO per… https://t.co/KPg0NyrJ2Y",2021-02-03 8:01:21,0:04:40
@grabmy,"Grab @GrabMY has the worst customer service ever. I was supposed to get my refund thru GrabPay a week ago, now the… https://t.co/17TvQgepoG",2021-02-03 7:21:02,"@farhahghazali Hi, let us help to check on this, can you DM to us your phone number and Email, please, thank you.",2021-02-03 7:32:47,0:11:45
@grabmy,Hi @GrabMY I ordered 3 items but 1 item missing. Please check😪 https://t.co/CoaADkZv9C,2021-02-03 7:17:46,"@nad_mekya Hi nad, let us help to check on this, can you DM to us your phone number and Email, please, thank you.",2021-02-03 7:31:28,0:13:42
@grabmy,@GrabMY is there expiry date for grabpoints?,2021-02-03 7:01:32,"@strawberryy_m1 Hi, thank you for reaching out to us, yes, Grab Rewards Points have expiry date, you may refer to y… https://t.co/UDY7BETN2m",2021-02-03 7:16:56,0:15:24
@grabmy,@GrabMY how can i get points and upgrade to next tier?,2021-02-03 6:58:12,"@strawberryy_m1 You will need to make sure to earn more than 3500 points during this year Jul - Dec, in order to ma… https://t.co/auJZdz7zzA",2021-02-03 8:51:54,1:53:42
@grabmy,"Hi @GrabMY , I have an issue with my order on 28th January, but until today no one has contacted me yet. I’ve repor… https://t.co/tlSnmfkwyf",2021-02-03 6:25:41,"@lyanayusri Hi Liyana, we have replied your DM regarding your order issue 🙏",2021-02-03 6:34:00,0:08:19
@grabmy,"Please refund back my RM3 ASAP  
@GrabMY https://t.co/FqoLciy7NB",2021-02-03 6:12:02,"@taylor_m9999 Hi Taylor, so sorry that our driver not responding 😥 You may follow the steps below to submit a refun… https://t.co/yuL0AQ6JLN",2021-02-03 6:28:23,0:16:21
@grabmy,"@GrabMY Hi, driver was hiding somewhere, did not reply to my messages or call, then cancelled. What kind of service… https://t.co/vTdSzNX0Z1",2021-02-03 6:09:08,https://t.co/YZ4VdrPSgM,2021-02-03 6:09:09,0:00:01
@grabmy,@GrabMY hello... it's been an hour... Your hotline num didn't pickup......? https://t.co/yObIwW7wbh,2021-02-03 5:11:49,"@QinRahim We're sorry that you were unable to connect with one of our hotline support. No worries, you can DM us yo… https://t.co/ErWQFf4XWq",2021-02-03 5:17:18,0:05:29
@grabmy,Can we please have pet friendly Grab in Malaysia? @GrabMY 😓,2021-02-03 4:11:00,@Shangari_B You're most welcome! 💚 #staysafe,2021-02-03 4:32:30,0:21:30
@grabmy,@NinaRuzlan @GrabMY @TYRADNE But its not surprising pun grab selalu mark up food. So tak terkejut pun haha,2021-02-03 3:58:47,@AmirTajjudin @GrabMY @TYRADNE Kan. I sebelum order pun duk compare gak grab-foodpanda. Mana yang lagi murah situ la order 😂,2021-02-03 4:00:15,0:01:28
@grabmy,@AmirTajjudin @GrabMY @TYRADNE Either that atau grub tak buat promo 30% tu on grab sebab grub kena ada bayar fee ka… https://t.co/J8OCpJTYjS,2021-02-03 3:56:35,@NinaRuzlan @GrabMY @TYRADNE But its not surprising pun grab selalu mark up food. So tak terkejut pun haha,2021-02-03 3:58:47,0:02:12
@grabmy,@NinaRuzlan @GrabMY @TYRADNE Itu la. Die buat profit macam tu on top of what dah dapat.,2021-02-03 3:53:10,@AmirTajjudin @GrabMY @TYRADNE Either that atau grub tak buat promo 30% tu on grab sebab grub kena ada bayar fee ka… https://t.co/J8OCpJTYjS,2021-02-03 3:56:35,0:03:25
@grabmy,"@AmirTajjudin @GrabMY @TYRADNE Kat web grub tu dia buat promo 30%, tapi menu lain harga beza jugak ke?",2021-02-03 3:52:45,@NinaRuzlan @GrabMY @TYRADNE Itu la. Die buat profit macam tu on top of what dah dapat.,2021-02-03 3:53:10,0:00:25
@grabmy,help for these businesses to stay alive and it’s causing less harm to the people. It’s not that difficult for… https://t.co/btFJ0drhNB,2021-02-04 13:09:29,take customers based on appointments. If it’s senior citizens that does not have a smartphone to basically access t… https://t.co/IHbgDmBE38,2021-02-04 13:09:29,0:00:00
@grabmy,"In my opinion there is no point of opening up pasar malam, retail stores and so on, as far as I’ve seen, hardly any… https://t.co/ndt6sksfqx",2021-02-04 13:09:28,help for these businesses to stay alive and it’s causing less harm to the people. It’s not that difficult for… https://t.co/btFJ0drhNB,2021-02-04 13:09:29,0:00:01
@grabmy,@GrabMY dah 30 minit tak boleh nak cancel order sebab kedai burger ni tak bukak pun. Kenapaaaaaaaaaaaaaa??? Call ta… https://t.co/t88GGevRwL,2021-02-04 12:33:40,"@stihwa Hi, let us help to check on this, can you DM to us your phone number and Email as well as the Booking ID, please, thank you.",2021-02-04 12:47:32,0:13:52
@grabmy,"@GrabMY Hello, I ordered food and just realised my credit card has expired. The food delivery came and I have recei… https://t.co/f1VokYTVC4",2021-02-04 12:29:45,"@superanpangirl Hi, let us help to check on this, can you DM to us your phone number and Email, as well as the Book… https://t.co/vvs4A7AEyC",2021-02-04 12:46:25,0:16:40
@grabmy,Awat @GrabMY takleh topup and takleh guna card for payment? 💆🏻‍♂️,2021-02-04 11:33:36,"@shazwan_r Shazwan, kindly DM us the mobile number and email address registered with Grab as well as the error that… https://t.co/dQYNNmIZJJ",2021-02-04 11:36:22,0:02:46
@grabmy,Boleh ke tukar payment method dari credit card ke debit card untuk Grab ride? Tersalah card pulak @GrabMY,2021-02-04 11:02:54,"@adilahrostam Adilah, jika dah set payment method dan dah dapat driver, tak boleh tukar dah, Adilah 🙏 😥",2021-02-04 11:09:52,0:06:58
@grabmy,"Hey @GrabMY. Why are you ignoring my email after telling me someone will get in touch and nobody did, even after I asked for an update.",2021-02-04 10:16:12,"@citizenlame I am sorry about the delay but could you DM us the ticket ID of your report, your registered email add… https://t.co/Jri9AGdkpW",2021-02-04 10:20:21,0:04:09
@grabmy,@GrabMY Why I can't choose other saved addresses as delivery locations when I order food? Eg currently at ABM &amp; wan… https://t.co/rxZIOeapjt,2021-02-04 9:10:22,@chrisqck Hope this helps 🙏,2021-02-04 9:29:47,0:19:25
@grabmy,Thank you again @GrabMY food vendors and Happy Birthday sayang @BizeeIbrahim rasa pelik sebab dah 3 kali birthday b… https://t.co/yoXbEI9nVO,2021-02-04 8:37:48,"@SyazwaniMohsin Thank you for using GrabFood 😊, Happy Birthday @BizeeIbrahim ✨😎🎂 , may all your wishes come true 💖, #staysafe 💚",2021-02-04 8:54:32,0:16:44
@grabmy,"TW: Bodyshaming 

Hi @GrabMY , it has come to my attention that one of your driver that I booked via GrabExpress In… https://t.co/Ekb7GinbbZ",2021-02-04 8:24:55,"@DayahOwO Hi, thank you for reaching out to us, can you DM to us your phone number and Email as well as the Booking… https://t.co/72RbqVaFwN",2021-02-04 8:46:45,0:21:50
@grabmy,"@GrabMY, please bring #grabfood to #NibongTebal and #ParitBuntar area. @foodpanda_my services becoming riddikulus!… https://t.co/dSOMyK9UtX",2021-02-04 6:25:01,@hayenadeblue Hi @hayenadeblue We are sorry for the inconvenience that have caused to you. Kindly do let us know yo… https://t.co/FVVxDuywiv,2021-02-04 6:28:34,0:03:33
@grabmy,"@GrabMY Hi, can I book Grab by the app to trasfer me from my quarantine hotel in KL to my home in Selangor?",2021-02-05 10:49:43,"@haty70 As long as you have proper permission/document from the relevant authority, you may travel using GrabCar, hope this clarifies.",2021-02-05 11:19:36,0:29:53
@grabmy,"@GrabMY I reported the behaviour of a dangerous driver to Grab on January 14th, they didn't get back to me. I had t… https://t.co/CWPOtELkuk",2021-02-05 9:47:20,@mooisiah I am sorry about that but could you DM us the mobile number and email address registered with Grab so tha… https://t.co/imbLcAiTKL,2021-02-05 9:54:01,0:06:41
@grabmy,@GrabMY is Grab Reward having issues? Made some payments and received points but my membership tier remain the same.,2021-02-05 9:40:57,@mohamadiftitah hi iftitah! Kindly DM us the mobile number and email address registered with Grab so that we can ch… https://t.co/DEeVROt3pt,2021-02-05 9:52:23,0:11:26
@grabmy,"Rider @GrabMY ni kan, kalau dia silap accept order lepas tu tengok location jauh mesti buat alasan moto rosaklah, t… https://t.co/po04Ex83H4",2021-02-05 9:31:40,@jeppppppppppp_ Maaf sekiranya rider tersebut cancel booking itu di saat-saat akhir. Sila DM kami booking number da… https://t.co/4dQCr5uTD5,2021-02-05 10:05:14,0:33:34
@grabmy,@GrabMY tolong upload kan insurans dsn roadtax. Apps problem tak boleh upload.,2021-02-05 6:23:46,"@azraeiazman0 Hi, let us help on this, can you DM to us your phone number and Email as well as the photo of the doc… https://t.co/Qu6rJKYI15",2021-02-05 6:51:11,0:27:25
@grabmy,@GrabMY service slow. Dah email incorrect item but no respon. Call takde orang angkat. Tolong la. Dah la suruh org… https://t.co/x04Ot2EAjc,2021-02-05 6:02:24,"@aisyahrazeli Hi, let us help to check on this, can you DM to us your phone number and Email, as well as the Booking ID, please, thank you.",2021-02-05 6:12:32,0:10:08
@grabmy,@JudieneMarno @GrabMY Hi @GrabMY boleh buat sistem e-receipt dalam bentuk PDF? Easily nak print out atau nak email… https://t.co/aljNbFYHce,2021-02-05 5:48:52,"@pojiepooh Hi, thank you for the feedback, on the receipt, we will share it with the relevant team for further impr… https://t.co/IWw9BQ9lry",2021-02-05 6:10:24,0:21:32
@grabmy,Store is closed but I still can place order. Poor the riders and us customer waiting for our lunch. How is this eve… https://t.co/NgcIOF9MAz,2021-02-05 5:46:15,"@hykalazri Hi Haikal, let us help to check on this, can you DM to us your phone number and Email as well as the Boo… https://t.co/g4RDAMb1yj",2021-02-05 6:03:55,0:17:40
@grabmy,"HELLO @GrabMY , mcm mana restaurant dlm app tu OPEN tapi bila order, rider sampai rupanya restaurant tu TUTUP??!!
D… https://t.co/ChMcBhdWon",2021-02-05 4:41:02,@HaieHadid @GrabMY Serammmmmmm,2021-02-05 4:58:52,0:17:50
@grabmy,"@GrabMY semalam saya topup grabpay guna debit card link tpi unsuccessful,dua kad buat dan dua2 unsuccessful but sti… https://t.co/b8vm1jd0rd",2021-02-05 4:29:54,@theprincessraz Hi there. So sorry ya. Don't worry. Anda boleh report kat Helpcenter kami di link ini… https://t.co/AGfHgJYLWL,2021-02-05 4:38:58,0:09:04
@grabmy,@GrabMY s,2021-02-05 4:17:59,"@GrabMY haha... mantafff ,😂😂😂.., mcm mana ye nk dftr..",2021-02-05 4:40:21,0:22:22
@grabmy,"Dear @StarbucksMY, your branch in Aeon Anggun Rawang has been having issues with their grabpay machine since foreve… https://t.co/MGVEjVcv4m",2021-02-05 2:29:32,"@eLmiE_92 @GrabMY Hi,
Thank you for highlighting this. Kindly write into customer@starbucks.com.my of fill in the f… https://t.co/uD5Uhrr3Mz",2021-02-05 9:44:20,7:14:48
@grabmy,"So I paid RM23.90 for this from The Filling Station in Hartamas 😅

@GrabMY https://t.co/UceUIFn3sl",2021-02-05 2:28:20,@ahmadough @GrabMY No waaayyyy 😭😭😭,2021-02-05 11:32:33,9:04:13
@grabmy,@GrabMY hi Grab! I’ve sent a DM regarding an incident. Hope to hear from you soon. Thanks!,2021-02-06 12:02:36,"@sparks_fly07 Hi Jasmine, we have responded to your DM, thank you.",2021-02-06 12:10:27,0:07:51
@grabmy,"It's been an hour and 20 minutes since I ordered my food and it is still labeled as ""Preparing"" when the delivery t… https://t.co/KGfEa5Dtkq",2021-02-06 11:52:46,"@farhanamarwan Hi, thank you for reaching out to us, for further assist on the matter, please click the link below… https://t.co/CwDHZcieGq",2021-02-06 11:58:42,0:05:56
@grabmy,dear @GrabMY why dont you let people top up minimum choose amounts? its.a.hassle.come onnn,2021-02-06 10:33:07,"@diedarieza1 Hi diedarieza, sorry ya, about this you can still perform min. top up of RM20 via other channels (debi… https://t.co/0JsKlUvZDy",2021-02-06 10:44:59,0:11:52
@grabmy,@GrabMY jangan lah aniaya rider dah lah potong fare pastu order jauh2 dari melawati kena hantar pegi mont kiara serious lah ?,2021-02-06 10:25:40,Kenapa tak suruh je hantar order sampai kelantan,2021-02-06 10:29:26,0:03:46
@grabmy,@GrabMY hi i wonder why i can't use cash to pay for grabfood?,2021-02-06 9:06:11,"@enthusiastic05 Hi, currently we are using Cashless payment for GrabFood as it is more convenient and safe for both… https://t.co/sqnHaQ4dpz",2021-02-06 9:26:49,0:20:38
@grabmy,"@GrabMY Hai, I have a terrible and disappointing experience with the food I’ve just received. The last time I order… https://t.co/CkNm9qJ0DM",2021-02-06 8:00:25,"@NasreenNadhira Hi Nasreen, sorry ya, about this issue you may report at this link *https://t.co/mVyddWXczo* and ou… https://t.co/2Pg3P0g56B",2021-02-06 8:22:26,0:22:01
@grabmy,@fizxk @GrabMY Emo betul kakak sebab rider pula marah2 padahal kakak tiada place order atau apa2 sdh pun..,2021-02-06 7:30:23,"@eezaleeza Hi, let us help to check on this, can you DM to us your phone number and Email as well as the Booking ID, please, thank you.",2021-02-06 7:36:52,0:06:29
@grabmy,"Walao geram gila dengan @GrabMY harini ya.. mau 10 kali orang grab call aku tanya aku ada order tak, padahal sistem… https://t.co/K7kChG5fLE",2021-02-06 7:19:04,"@eezaleeza Hi Eezaleeza, maaf ya, service app Grab ada issue application tadi tetapi jangan risau sebab team kita d… https://t.co/yrwCUv6BHj",2021-02-06 7:28:27,0:09:23
@grabmy,"Not a fan of blackpink but since it's free...claim je la hahaha my grab driver is epic @GrabMY
Who would have thoug… https://t.co/WZAntAon8e",2021-02-06 7:11:30,"@securedinsanity Thank you for using Grab 😊✨, take care and stay safe 💚",2021-02-06 7:22:55,0:11:25
@grabmy,"@Heeshlee @GrabMY Pagik, berik 1 star jak",2021-02-06 7:00:41,@iniNoahh @GrabMY Dah. Siap complain. Kmk rajin complain problematic driver haha,2021-02-06 7:03:13,0:02:32
@grabmy,@sitipervina @GrabMY Xleh call cs ke,2021-02-06 6:34:03,@kimietalib @sitipervina @GrabMY CS kengkadang tak function,2021-02-06 7:00:41,0:26:38
@grabmy,@badchibimama @anthraxxxx So gunalah grab express jnt ni dahla lembab menyusahkan runner bagi fare rendah kan ? @GrabMY,2021-02-06 6:29:02,"@NabilRamadone Hi Bale, maaf ya, service GrabExpress ada issue application tadi tetapi jangan risau sebab team kita… https://t.co/PdPgv3fQRR",2021-02-06 6:33:35,0:04:33
@grabmy,@harizrizal99 @Ramizarraihan @sitipervina @GrabMY Entah. Cuma boleh kan kita normalise kan mintak maaf lepas salah.… https://t.co/toVi0PFtRv,2021-02-06 6:25:14,@kakaklebah @Ramizarraihan @sitipervina @GrabMY Oright noted..👌thanks juga for that teguran..😊 Minta maaf dri pihak… https://t.co/2r0qZM3imv,2021-02-06 6:30:38,0:05:24
@grabmy,@kakaklebah @Ramizarraihan @sitipervina @GrabMY Conversation i dgn seller tu pon dah berakhir dengan baik.. Kenapa… https://t.co/BE1IokU51y,2021-02-06 6:22:36,@harizrizal99 @Ramizarraihan @sitipervina @GrabMY Entah. Cuma boleh kan kita normalise kan mintak maaf lepas salah.… https://t.co/toVi0PFtRv,2021-02-06 6:25:14,0:02:38
@grabmy,"@GrabMY first time kena marah dengan grab driver. I ordered grabfood. Then she called. ""U tahu betapa besarnya aeon… https://t.co/hewY245YhU",2021-02-07 10:27:58,"@ilisinisaja @GrabMY Untungnya Grab reply. Kite ni kena marah dengan pelanggan, saja up tweet n tag Grab. Grab tak reply pun. 😢",2021-02-07 12:18:33,1:50:35
@grabmy,@GrabMY hello jumpa sorang “karen malaysia”. blh x yg pakai motor je ambik order food delivery? this karen banyak a… https://t.co/9DF06oAFpH,2021-02-07 10:14:20,@Ln7Brown Alamak! Maaf atas segala kesulitan 😥 Kami telah menerima laporan encik dalam app dan kami akan ingatkan d… https://t.co/JBrQl0K8kX,2021-02-07 10:25:52,0:11:32
@grabmy,"@GrabMY waited for my food more than one hour, i checked my food status, stated there lagi 96 mins. apooooo. tahun… https://t.co/G0Z1UvhQaQ",2021-02-08 10:52:45,"@eilynlyn Hi, let us help to check on this, can you DM to us your phone number and Email as well as the Booking ID, please, thank you.",2021-02-08 10:55:57,0:03:12
@grabmy,EXTRAHUAT until yesterday je. No new promo code ke @GrabMY ? 😬👉🏻👈🏻👉🏻👈🏻,2021-02-08 10:43:02,"@HannahDiyana Hi Hannah, don't worry ya, you may refer to this link *https://t.co/n6c0RSqjqt* for the latest GrabFo… https://t.co/Tv2PLJk5W0",2021-02-08 11:34:30,0:51:28
@grabmy,"WOW~ @GrabMY I'm extremely ""impressed"" with your customer service

Customer wasn't even given a chance to reply, an… https://t.co/EQV17Ktwqp",2021-02-08 10:24:35,"@amuyo_tomoko Hi there, so sorry about that. 😔 Maybe there was some issue with the connection and worry not as we'l… https://t.co/LXhwgpw2Fs",2021-02-08 11:33:18,1:08:43
@grabmy,"@GrabMY grabfood kat Muar ni memang tak lalu tealive ke macam mana, aku prefer grabfood sebab banyak menu and air y… https://t.co/kHYEEuNBbV",2021-02-08 9:49:25,"@NAAmm94 Hi, let us help to check on this, can you DM to us your phone number and Email as well as the screenshot o… https://t.co/Q2eQ1FoRG8",2021-02-08 9:57:20,0:07:55
@grabmy,@GrabMY voucher EXTRAHUAT tu dah takde ya?,2021-02-08 9:33:09,"@AliaSabarinaa Hi Alia, sorry ya, the campaign has ended yesterday on this 🙏 May refer to this link *… https://t.co/AacDfrzyIU",2021-02-08 9:45:02,0:11:53
@grabmy,"Hi @GrabMY , I have an issue to edit my phone number on the app. I’ve been filling in with my phone number and uses… https://t.co/wghvFi5hcD",2021-02-08 8:28:58,"@natashakuu Hi shasha, let us help to check on this, can you DM to us your phone number and Email as well as the sc… https://t.co/mmXNAHNTtE",2021-02-08 8:34:52,0:05:54
@grabmy,Its been 3 days since I found a live catapillar in my food from @GrabMY and still no response. I spend well over 2k… https://t.co/mjGqzMUcfs,2021-02-08 7:52:08,"@stidzmayyn Hi, let us help to check on this, can you DM to us your phone number and Email as well as the Booking ID, please, thank you.",2021-02-08 8:03:56,0:11:48
@grabmy,@GrabMY,2021-02-08 7:19:50,"Nape tak boleh buka? Dah berhari-hari loading.. Nak kata tak update, dah update. Data pun laju. Nak uninstall takut… https://t.co/gkRrphYOoJ",2021-02-08 7:19:53,0:00:03
@grabmy,@GrabMY hi semalam i ada order subway then restaurant missed order tapi sampai sekarang tak reply email lagi untuk i dapatkan refund,2021-02-08 7:07:18,"@qystalites Hi, kami bantu check dulu, sila DM kepada kami no telefon dan Email serta Booking ID, terima kasih.",2021-02-08 7:10:29,0:03:11
@grabmy,@GrabMY GRABHUAT promo code is available until when? For zalora..,2021-02-08 6:51:29,"@OreganoParmesan Hi, the promo/offer is based on a first come first served and while stocks last basis only.  Pleas… https://t.co/iDnXxvP9jS",2021-02-08 7:04:26,0:12:57
@grabmy,@GrabMY Yo! How are we supposed to communicate on emergency matters when the ones handling your social media and He… https://t.co/Hslkt0Yi12,2021-02-08 6:45:21,"@thenameisJanetJ Hi, thank you for reaching out to us, can you DM to us your phone number and Email as well as the… https://t.co/UraYWrDcEx",2021-02-08 6:55:38,0:10:17
@grabmy,Grab Pay problem? @GrabMY https://t.co/80qutDhzdh,2021-02-08 5:58:13,"@ZharifG Hi, we have responded to your DM, thank you.",2021-02-08 6:26:22,0:28:09
@grabmy,@nrhziwni @GrabMY sbb kau tknk kwan aku 🙂,2021-02-08 4:48:05,@erinaizatti1 @GrabMY awak ni dah cuti raya cina ke? macam takde kerja ni... saya nak bagi kerjaa ni hshshshshs,2021-02-08 4:48:50,0:00:45
@grabmy,@GrabMY Malaysia? Available on year 2100 onwards? https://t.co/ZwqkagVL9g,2021-02-08 4:43:42,Okay I'll wait. Oh no I can't cuz IM FUDGING DEAD,2021-02-08 4:44:43,0:01:01
@grabmy,@GrabMY kenapa sy tak boleh guna grabpay saya.  Sy dah bosan duduk rumah ni. Nak order makanan tak boleh. Sy lapar… https://t.co/YXLLm1LCUf,2021-02-08 4:25:49,@nourelein Hi Nurul. Jangan sedih ya. Biar kita checkkan. Sila DM kan details anda supaya kami boleh bantu untuk buat semakan ya 💚,2021-02-08 4:32:30,0:06:41
@grabmy,@GrabMY is it possible to do multiple GrabExpress deliveries at the same time?,2021-02-08 2:46:31,@Adure You're most welcome 🙂,2021-02-08 5:50:25,3:03:54
@grabmy,@GrabMY I did not receive my order and have alrdy put in a complaint (more than 24 hours) and I have still not rece… https://t.co/v6ofUO0B5i,2021-02-08 2:36:24,"@jojunazli Hi Jo. No worries and since you have already lodge a complaint, do wait for the GrabFood team in charge… https://t.co/z7mzpTrmlH",2021-02-08 2:44:26,0:08:02
@grabmy,@GrabMY aren’t you paying your riders that they’re stealing stuff from customer’s condominium?? This happened today… https://t.co/KcMwGDGMyN,2021-02-09 12:22:00,"@PindiBoyy Hi, we have responded to your DM, thank you.",2021-02-09 12:49:37,0:27:37
@grabmy,"@GrabMY hello, i didnt received my order today!!! Pls respond!",2021-02-09 12:11:56,"@pullydot Hi, let us help to check on this, can you DM to us your phone number and Email, as well as the Booking ID, please, thank you.",2021-02-09 12:36:19,0:24:23
@grabmy,@GrabMY,2021-02-09 12:06:19,"@hashafiqinLA Hi, let us help to check on this, can you DM to us your phone number and Email, please, thank you.",2021-02-09 12:28:36,0:22:17
@grabmy,"@Thunderjklmno @GrabMY kan, grab pun reject  😔",2021-02-09 12:00:38,@nrhziwni @GrabMY 😽😽😽,2021-02-09 12:30:48,0:30:10
@grabmy,@GrabMY hi kenape ek grab acc sya tiba kena suspended. tak buat apa pun🥺,2021-02-09 11:57:29,"@lisooyacult Hi, let us help to check on this, can you DM to us your phone number and Email, please, thank you.",2021-02-09 12:25:06,0:27:37
@grabmy,"@damien_thanam Lol, I can have it at the comfort my home. Thanks to @GrabMY 😉 

Not gonna go out!",2021-02-09 10:58:19,"@r3nukumar Thank you for using Grab 😊, take care and stay safe 💚",2021-02-09 11:02:27,0:04:08
@grabmy,@LoliNessie @GrabMY Send him to me https://t.co/qtHy3Oyaav,2021-02-09 9:47:15,@LowPrice36 @GrabMY My only trustworthy man &lt;3,2021-02-09 9:48:44,0:01:29
@grabmy,@GrabMY ada promo untuk grabfood?,2021-02-09 9:45:26,"@AliaSabarinaa Hi Alia, you may visit this link *https://t.co/n6c0RSqjqt* for the latest info on promo ya 😉",2021-02-09 9:48:24,0:02:58
@grabmy,Tq @GrabMY baca note saya.. https://t.co/e8JP0ns57x,2021-02-09 8:41:45,"@nina_darina Sama-sama darina 😊, take care and stay safe 💚",2021-02-09 8:52:38,0:10:53
@grabmy,"@GrabMY also asked for my age, i orang apa, my marital status.. to say the least, it was unsettling.",2021-02-09 8:34:21,"when i said no to giving him my number, he asked again, and i said no again and that I am seeing someone. then he w… https://t.co/mttsRZyEGl",2021-02-09 8:40:11,0:05:50
@grabmy,"@GrabMY hello boss, kalau your driver mintak nombor I, macam mana eh? scary giler. I takut bro.",2021-02-09 8:33:03,@LoliNessie @GrabMY Send him to me https://t.co/qtHy3Oyaav,2021-02-09 9:47:15,1:14:12
@grabmy,@GrabMY mana duit refund aku? korang curi ka..takkan sikit pon nk curi,2021-02-09 8:32:57,"@adyskywalker Hi Muhammad (محمد), let us help to check on this, can you DM to us your phone number and Email, please, thank you.",2021-02-09 8:37:08,0:04:11
@grabmy,"@GrabMY i did an order booking ID ADR-91739128-8-160, and i did not receive my order but activity showed delivered 🤷‍♂️🤷‍♂️",2021-02-09 8:10:50,"@dailanmr Hi Dailan, so sorry about that. 😔 Worry not as we'll assist you to check on this. Can you DM us your regi… https://t.co/ciGHo5cU00",2021-02-09 8:28:48,0:17:58
@grabmy,"Just fulfilling my own dreams 
Well, @GrabMY, the cendol uncle and me la https://t.co/tFCoYuuFgv",2021-02-09 8:00:52,"@meeshlet That is so delicious 😊, Bon Appetit 👌👍😎, take care and stay safe 💚",2021-02-09 8:23:09,0:22:17
@grabmy,"hi @GrabMY , is it possible to have your e-hailing in Pengerang/Desaru area? Thanks",2021-02-09 7:49:51,"@BTWIForgiveYou Hi, during MCO, Grab Car is operational however, the further you are from main city, the lesser the… https://t.co/PHmArqxcnT",2021-02-09 8:13:59,0:24:08
@grabmy,@FoodpandaM @GrabMY,2021-02-09 6:52:40,"@Hamizah_Jamal Hai Ija, terima kasih kerana mengingatkan untuk para Rider semua tentang details Booking, take care and stay safe 💚",2021-02-09 7:05:36,0:12:56
@grabmy,"@GrabMY Dear @GrabMY , why did you remove the non halal tag? You know it will make people confuse right? Please tak… https://t.co/UO87hsBuno",2021-02-09 6:43:49,"@zaidzainal Hi, thank you for sharing this with us, Grab take this matter seriously and we have highlighted your co… https://t.co/6Ery2HZzRG",2021-02-09 7:02:25,0:18:36
@grabmy,"@GrabMY Hi, saya ada membuat aduan mengenai GrabFood kerana makanan saya telah dihantar seperti di dalam gambar, ta… https://t.co/rjUfbeSw8q",2021-02-09 5:20:42,@jejaa90 Alamak! Boleh tak DM kami no. telefon yang daftar dalam app dan booking ID untuk buat semakan lanjut menge… https://t.co/Ed2ORdvWzt,2021-02-09 5:32:34,0:11:52
@grabmy,"I’m very unsatisfied with my experience with @GrabMY GrabFood.
My order total amount was RM60+ while what I receive… https://t.co/Sq5kRtnRBZ",2021-02-09 5:00:16,@iirenechong Oh no! We are so sorry for the wrong order delivered 😥 Can you DM us your phone number registered and… https://t.co/fuO1WWOFNs,2021-02-09 5:10:22,0:10:06
@grabmy,hi @GrabMY is there a ruling on carrying a pet in a carrier?,2021-02-09 4:31:53,@thecathooman You're most welcome 🙂,2021-02-09 7:15:10,2:43:17
@grabmy,@nrhziwni @GrabMY HAHHAHAHAH KENA REJECT DGN GRAB,2021-02-09 4:14:32,"@Thunderjklmno @GrabMY kan, grab pun reject  😔",2021-02-09 12:00:38,7:46:06
@grabmy,"👌Managing Director of @GrabMY, Sean Goh, said that technological advancements would present Malaysians with more op… https://t.co/JBGLSehnLU",2021-02-09 3:48:13,"For example, now that ride-hailing is fully digital, members of our deaf #community can receive commercial licenses… https://t.co/6nbAmBEFqL",2021-02-09 3:48:14,0:00:01
@grabmy,"@GrabMY Nak tanya, sekarang grabcar boleh naik berapa orang? Terima kasih.",2021-02-10 13:01:33,"@pemangkuu Hi, maksimum 2 orang penumpang + 1 driver untuk setiap GrabCar 🙂",2021-02-10 13:04:35,0:03:02
@grabmy,@Nizar_GGMU @McDonalds @GrabMY Done! I baru ja call customer service grab,2021-02-10 11:12:11,@h0ney_ruby @Nizar_GGMU @McDonalds @GrabMY Hey can you help me spread this or donate at least $5 please ? https://t.co/YxMvZ6r892,2021-02-10 11:18:48,0:06:37
@grabmy,@h0ney_ruby @McDonalds @GrabMY care to help this fellow?,2021-02-10 11:11:28,@Nizar_GGMU @McDonalds @GrabMY Done! I baru ja call customer service grab,2021-02-10 11:12:11,0:00:43
@grabmy,"@threelayertea @GrabMY @McDMalaysia Sudah. Baru ja call Grab customer service and dah hantar gambar. Thank you, Ajue!",2021-02-10 11:09:27,@h0ney_ruby https://t.co/yQ4riim5GB,2021-02-10 11:10:02,0:00:35
@grabmy,@h0ney_ruby Tag diorang @GrabMY and @McDMalaysia,2021-02-10 11:08:02,"@threelayertea @GrabMY @McDMalaysia Sudah. Baru ja call Grab customer service and dah hantar gambar. Thank you, Ajue!",2021-02-10 11:09:27,0:01:25
@grabmy,@GrabMY hi there. Why can't I find my own address for delivery?,2021-02-10 9:32:57,"@imaaannn Hi Ims, it seems that your address is not available in our map. You may report this via the link below, s… https://t.co/zO9z0zWbw1",2021-02-10 9:56:23,0:23:26
@grabmy,"@nina_darina @GrabMY Bukan grab yg baca , dah tentu tentu merchant dan rider yg bekerjasama membantu cik",2021-02-10 9:23:04,@rayradzi @GrabMY Ya. Rider tu baca dan tolong saya 👍🏼,2021-02-10 10:17:59,0:54:55
@grabmy,@Amin_Shabugi @GrabMY Hahaha nk awal kena order b4 pukul 12 laa,2021-02-10 7:36:05,"@Qayyim27_ @GrabMY Aku rasa kena awal lagi doh haha sbb aku order dalam 12-12.15 gak ah 😂 tapi tu la, order banyak… https://t.co/jpJ0CStUXY",2021-02-10 9:18:20,1:42:15
@grabmy,"@Qayyim27_ @GrabMY Kau je malas namati, melayu lain okay je. Tolong jangan najibkan/muhyiddinkan keadaan please 😂 t… https://t.co/5o93PcS4Ns",2021-02-10 7:24:12,@Amin_Shabugi @GrabMY Hahaha nk awal kena order b4 pukul 12 laa,2021-02-10 7:36:05,0:11:53
@grabmy,"@GrabMY How does grab express 4 hours work?  I tried it and the message says delivery confirmed, and will notify wh… https://t.co/kXZPANCoF8",2021-02-10 7:22:35,"@Thongbl Hi Beng Loong Thong, the pickup and delivery of item should be completed within 4 hours for our GrabExpres… https://t.co/LGkoj5rjEb",2021-02-10 7:34:28,0:11:53
@grabmy,"@Amin_Shabugi @GrabMY Kahkah sorry bro aku melayu, melayu malas membaca. Haha nk buat cmne kalau dh jarak dkt kira… https://t.co/D8jgMNZ9gK",2021-02-10 7:18:51,"@Qayyim27_ @GrabMY Kau je malas namati, melayu lain okay je. Tolong jangan najibkan/muhyiddinkan keadaan please 😂 t… https://t.co/5o93PcS4Ns",2021-02-10 7:24:12,0:05:21
@grabmy,"@Qayyim27_ @GrabMY Baca thread la lahanat celaka punya jawa hahaha. Tapi tu la aku siap tanya mamat tadi, memang du… https://t.co/wmBrfrFksu",2021-02-10 7:07:45,"@Amin_Shabugi @GrabMY Kahkah sorry bro aku melayu, melayu malas membaca. Haha nk buat cmne kalau dh jarak dkt kira… https://t.co/D8jgMNZ9gK",2021-02-10 7:18:51,0:11:06
@grabmy,@Amin_Shabugi @GrabMY Biasalah bro time peak hour time tu la kitorang kena sidai. Paling cepat pun 30 minit baru si… https://t.co/tNVmqH0cut,2021-02-10 7:00:22,"@Qayyim27_ @GrabMY Baca thread la lahanat celaka punya jawa hahaha. Tapi tu la aku siap tanya mamat tadi, memang du… https://t.co/wmBrfrFksu",2021-02-10 7:07:45,0:07:23
@grabmy,"But what to do? Sabar je la makan tu nanti sampai je. Damn i pity the grab rider that took my order weh, dua jam di… https://t.co/V6PQfO4rTJ",2021-02-10 5:18:18,"Hi @GrabMY this is my order number, please give the rider some other reward since he had to wait for my food for ne… https://t.co/hoduzsoHjP",2021-02-10 5:34:16,0:15:58
@grabmy,"Bapak dia la @GrabMY it takes two hours to prepare my food ke? Wtf weh 😂 ordered at 12pm, it ended up extending all… https://t.co/7ZcVoBOp4G",2021-02-10 5:16:33,"But what to do? Sabar je la makan tu nanti sampai je. Damn i pity the grab rider that took my order weh, dua jam di… https://t.co/V6PQfO4rTJ",2021-02-10 5:18:18,0:01:45
@grabmy,kenapa grab amek masa lama untuk search rider ni? dah sejam dah @GrabMY,2021-02-10 5:06:51,@dibafiqa Boleh DM kami butiran akaun anda? Terima kasih.,2021-02-10 5:28:25,0:21:34
@grabmy,Don’t order @GrabMY food around 12pm - 1pm. Cause next year only you will get your food 🤣 lunch time is super busy… https://t.co/XZGKA1VBaC,2021-02-10 4:57:02,@Amin_Shabugi @GrabMY Biasalah bro time peak hour time tu la kitorang kena sidai. Paling cepat pun 30 minit baru si… https://t.co/tNVmqH0cut,2021-02-10 7:00:22,2:03:20
@grabmy,~:: @GrabMY dah boleh tambah feature baru... GrabJodoh ::~ https://t.co/isrVvxO61v,2021-02-10 4:46:14,@HananMSaid @GrabMY Foodpanda sis,2021-02-10 5:10:47,0:24:33
@grabmy,"@GrabMY Hi, My friend lost her phone in a Grab cab and is stranded. I have DM-ed you the details. Could you please help?",2021-02-10 2:14:25,@themohanveera Hi Mohan. We have already responded to your DM. Kindly proceed there.,2021-02-10 2:16:38,0:02:13
@lazadamy,@LazadaMY where is my stuff???,2021-02-03 9:47:48,@Trent66SZN Hi Trent66SZN.  Thank you for contacting us at Lazada Malaysia. We truly apologize for the inconvenienc… https://t.co/WyrGN3Jnfc,2021-02-03 9:48:56,0:01:08
@lazadamy,"@LazadaMY  pun byk seller jual pork dan dlm masa yg sama mengaku jual daging halal?
JANGAN PERCAYA DAN HATI2",2021-02-03 9:43:25,@AKUANAKWATAN Terima kasih kerana menghubungi kami di Lazada Malaysia. Kami memohon maaf atas kesulitan yang berlak… https://t.co/lJ4Hs5yFSe,2021-02-03 9:54:07,0:10:42
@lazadamy,@ainasniah @faridbahrudin @LazadaMY Direct translate. 😂 https://t.co/lm2Jlo6A4L,2021-02-03 9:41:51,@Inadiasyikin @faridbahrudin @LazadaMY Ahahahaha no wonder. Ingatkan seangkatan 'sila bawa bertenang' 😂,2021-02-03 9:49:46,0:07:55
@lazadamy,"@SamsungMalaysia
@Samsung

Too many fake earbuds being sold in @LazadaMY. Very hard to determine what's genuine

RM… https://t.co/KXSvjJPUej",2021-02-03 8:46:26,"In this case, the price is a good indicator, but there are many instances where the price is similar making it hard… https://t.co/vyEcuwRnNE",2021-02-03 8:48:10,0:01:44
@lazadamy,Between Live chat on @LazadaMY and their online agent I still have no idea when my deliveries will ever leave Segam… https://t.co/kgCJ4ZdVfd,2021-02-03 8:35:40,@akaams We would like to apologize for your recent experience. We would like to make things https://t.co/ggjJR23QLc… https://t.co/FH3hCJooxw,2021-02-03 8:40:30,0:04:50
@lazadamy,@faridbahrudin @LazadaMY ok ke tu? Benda tgh viral ni,2021-02-03 8:27:06,"@Nanysyuriani06 @faridbahrudin @LazadaMY Judging from his return status, probably will be refunded really soon. Jud… https://t.co/qFQxCtODg8",2021-02-03 9:09:26,0:42:20
@lazadamy,"@najiehamzln @syahput_ @LazadaMY Takde dan tak delete tweet kata nak refund tapi tak nak return barang.

Dalam emai… https://t.co/onLgUdg8kQ",2021-02-03 8:20:15,@faridbahrudin @syahput_ @LazadaMY Anyway ur status is refund still under review dkt situ. So chill je dlu let them… https://t.co/b2nMSOVW06,2021-02-03 9:16:01,0:55:46
@lazadamy,@syahput_ @faridbahrudin @LazadaMY I think he deleted the previous tweet saying that dia mntk refund without return… https://t.co/YbcgFm6DoT,2021-02-03 8:16:06,"@najiehamzln @syahput_ @LazadaMY Takde dan tak delete tweet kata nak refund tapi tak nak return barang.

Dalam emai… https://t.co/onLgUdg8kQ",2021-02-03 8:20:15,0:04:09
@lazadamy,@faridbahrudin @LazadaMY Lazada memang menyusahkan sikit. Dulu PKP 1.0 ada beli baucer Tony Romas tapi sebab restor… https://t.co/KqJdk1ARaw,2021-02-03 7:51:56,"@Amirol___ Hi Amirol___,
Terima kasih kerana menghubungi Lazada Malaysia. Maaf atas segala kesulitan, kami mengambi… https://t.co/7WsVDqn8Zw",2021-02-03 7:57:17,0:05:21
@lazadamy,@faridbahrudin @LazadaMY 'Sila bawa yakin' n 'sila bawa jamin' ni new terms dalam BM ke? ke sy yg tak pernah dengar sebelum ni eh,2021-02-03 7:34:14,@ainasniah @faridbahrudin @LazadaMY Direct translate. 😂 https://t.co/lm2Jlo6A4L,2021-02-03 9:41:51,2:07:37
@lazadamy,"@najiehamzln @faridbahrudin @LazadaMY Dia tak mintak pon refund tanpa return, dia mintak assignkan orang datang amb… https://t.co/6dQ1MZexGL",2021-02-03 7:24:16,@syahput_ @najiehamzln @faridbahrudin @LazadaMY He did tho https://t.co/h1FK2oWtCY,2021-02-03 9:02:05,1:37:49
@lazadamy,@faridbahrudin @LazadaMY Betul i fhm menyusahkan but then tk boleh jugak kalau u expect diorang akan refund without… https://t.co/HPQLcKSYnN,2021-02-03 6:55:39,"@najiehamzln @faridbahrudin @LazadaMY Dia tak mintak pon refund tanpa return, dia mintak assignkan orang datang amb… https://t.co/6dQ1MZexGL",2021-02-03 7:24:16,0:28:37
@lazadamy,@LazadaMY Sila semak email. Saya dah jelaskan tuntutan dan pertikaian.,2021-02-03 6:16:03,@faridbahrudin @LazadaMY 'Sila bawa yakin' n 'sila bawa jamin' ni new terms dalam BM ke? ke sy yg tak pernah dengar sebelum ni eh,2021-02-03 7:34:14,1:18:11
@lazadamy,"@_kesatria @LazadaMY Tapi tetap menyusahkan lah Faris.

Kena print, lepas tu balik kerja kena pergi Pos Laju.

Kala… https://t.co/9C3DjyPT5P",2021-02-03 6:13:05,"@faridbahrudin @LazadaMY Boy, u are not always gonna get what u want. Haha. Sabar jer lah. Tu je pesanan khidmat masyarakat.",2021-02-03 6:20:27,0:07:22
@lazadamy,"@LazadaMY Setakat denda, tapi menyusahkan pembeli nak kena pergi nearest Pos Laju untuk dapat refund.

Patutnya min… https://t.co/QOFFnTxULN",2021-02-03 6:05:43,@faridbahrudin Kami meminta maaf atas kesulitan ini. Harap maklum bahawa anda perlu memulang barang untuk mendapat… https://t.co/aC3mWCtN7Q,2021-02-03 6:14:23,0:08:40
@lazadamy,"Beli Nescafe Latte Caremel tapi yang sampainya Spaghetti.

Kalau nak refund, cuba baca apa @LazadaMY suruh buat (ga… https://t.co/FXymcmoH0D",2021-02-03 5:54:20,@faridbahrudin @LazadaMY Sebab tu tak suka beli kat lazada. Tak ada benefit untuk buyer. Kalau shopee kita boleh te… https://t.co/ykl5Pn8ZxK,2021-02-03 11:56:22,6:02:02
@lazadamy,"@LazadaMY Again I am fax problem with your delivery of the following item. Reported several time, and not getting a… https://t.co/m2ixCUCJvE",2021-02-03 3:05:23,@gst183 Hi gst183.Thank you for contacting us at Lazada Malaysia.We truly apologize for the delay caused. Kindly pr… https://t.co/jhTT51mmhy,2021-02-03 3:09:58,0:04:35
@lazadamy,"@faridbahrudin @kewangangraduan @LazadaMY Memang masalah Lazada ni, seller dah approve pun ambil masa nak masuk dal… https://t.co/Y5HSEaJjwW",2021-02-04 11:38:52,@tuanmashi Salam Sejahtera dan terima kasih kerana menghubungi kami di Lazada Malaysia. Silakan DM kami nombor pesa… https://t.co/AiFql9wOmf,2021-02-04 12:23:09,0:44:17
@lazadamy,"@LazadaMY hello, please check the status for this https://t.co/goLhMYUGbB",2021-02-04 7:34:49,"@shamokky Hi shamokky
Thank you for reaching out to us at Lazada Malaysia. Our sincerest apologies for the inconven… https://t.co/JBEwutdR81",2021-02-04 7:50:05,0:15:16
@lazadamy,"@ainasniah @Inadiasyikin @faridbahrudin @LazadaMY so LazadaMY don't hv Malay speakers in their customer service team, is it????",2021-02-04 4:17:10,@_Garren_Ace_ @ainasniah @Inadiasyikin @faridbahrudin @LazadaMY Boleh apply bro.,2021-02-04 13:43:59,9:26:49
@lazadamy,"takdalah kejam sangat aku faham mco . Tapi dah delay lama sangat so aku rasa aku nak tahu mana barang aku . AND , t… https://t.co/0ByMIeochl",2021-02-04 3:32:50,"@yourtrulysunflw Hi yourtrulysunflw,
Terima kasih kerana menghubungi Lazada Malaysia. Kami mengambil perhatian terh… https://t.co/uaGjuLr5dg",2021-02-04 3:37:56,0:05:06
@lazadamy,"@faridbahrudin @LazadaMY Samo je 2 x 5 dgan @ShopeeMY bila seller yg bersalah hantar barang, kita la kena balut bar… https://t.co/rIKlHlTo9h",2021-02-04 2:56:16,@muazshukor @faridbahrudin @LazadaMY @ShopeeMY Sama la.......order dari shopee dia hantar brg salah pastu kita yg k… https://t.co/8Vk1Yr7vNN,2021-02-04 6:26:54,3:30:38
@lazadamy,Lazada super duper slow. Waited for 2 weeks. Still not in progress. @LazadaMY,2021-02-04 2:20:27,"@Teem015 Hi Teem015
Thank you for reaching out to us at Lazada Malaysia. Our sincerest apologies for the inconvenie… https://t.co/kdC7Cwzi5r",2021-02-04 2:22:55,0:02:28
@lazadamy,@faridbahrudin @syahput_ @najiehamzln @LazadaMY Bro you can just chill first. They probably going to refund you soo… https://t.co/NHr91rff6d,2021-02-04 1:24:17,"@faridbahrudin @syahput_ @najiehamzln @LazadaMY So far that I’ve known, if you need to return the item to be refund… https://t.co/at8qRlSXVZ",2021-02-04 1:25:06,0:00:49
@lazadamy,"@LazadaMY how do I change drop off point? I accidentally chose the one that os far away from me, I can't go to KL from Rawang due to MCO",2021-02-05 11:05:27,@adamkytee Thank you for contacting us at Lazada. We would like to help and appreciate if you could provide us the… https://t.co/d5p0bx3EYt,2021-02-05 11:15:24,0:09:57
@lazadamy,@LazadaMY check your dm,2021-02-05 11:03:42,"@stonapesona Thank you for contacting us at Lazada Malaysia. Please be informed we will continue to assist via DM.

Farra",2021-02-05 11:06:24,0:02:42
@lazadamy,your fucking merchant make me feel like puching someone in the face @LazadaMY https://t.co/JgYIvdIOOs,2021-02-05 10:25:04,@stonapesona Thank you for contacting us at Lazada Malaysia. We truly apologize for the inconvenience caused. We wo… https://t.co/LTUVIc5Dkp,2021-02-05 10:37:36,0:12:32
@lazadamy,@LazadaMY Hi. My order numbers is 273731989624634. My order status have not update since jan 26. Is my parcel still… https://t.co/FSyakR5piC,2021-02-05 5:49:29,"@homarcus88 Hi homarcus88,
Thank you for reaching out to us at Lazada Malaysia. Kindly be inform that the item are… https://t.co/ACVyq3ZekM",2021-02-05 6:09:53,0:20:24
@lazadamy,@LazadaMY So does that mean it's already with Lex My right now?,2021-02-05 3:49:49,"@hz_syzwn Hi hz_syzwn,
Yes, as of now the item in transit with our courier. Be inform the status will be update acc… https://t.co/EvXr9atGzb",2021-02-05 4:02:12,0:12:23
@lazadamy,@LazadaMY can i know why its still not passed on to the courier? https://t.co/LfP0J6Frnc,2021-02-05 3:32:24,"@hz_syzwn Hi hz_syzwn,
Thank you for reaching out to us at Lazada Malaysia. As check, your item are currently in tr… https://t.co/WlOhkAaW9k",2021-02-05 3:47:55,0:15:31
@lazadamy,Hi @LazadaMY... ni pasaipa saya tak boleh collect voucher neh... https://t.co/e8aViy1Sqz,2021-02-06 12:19:07,@WildHairDude Terima kasih kerana menghubungi kami di Lazada Malaysia. Kami memohon maaf atas kesulitan yang berlak… https://t.co/8ipsW0MUsK,2021-02-06 12:35:19,0:16:12
@lazadamy,@LazadaMY Terima kasih,2021-02-07 12:47:33,"@mhakmal94 Sama -sama dan selamat malam.

Nitha",2021-02-07 12:48:17,0:00:44
@lazadamy,Saya mohon @ShopeeMY @LazadaMY bersolidariti bersama-sama dengan pekerja J&amp;T. Minta block atau ban sementara J&amp;T sa… https://t.co/MpCJZxQlfp,2021-02-07 12:43:10,"@mhakmal94 Selamat datang ke Lazada Malaysia dan terima kasih kerana menghubungi kami. Berdasarkan pemeriksaan, lap… https://t.co/BJbVsvwZnr",2021-02-07 12:45:43,0:02:33
@lazadamy,@ShopeeMY &amp; @LazadaMY should really take action with J&amp;T https://t.co/15swfj9wtM,2021-02-07 12:37:46,"@_farid_adam_ Welcome to Lazada Malaysia and thank you for reaching out to us. Based on the checking, the report ha… https://t.co/OrGFdlrhDS",2021-02-07 12:41:43,0:03:57
@lazadamy,hai @LazadaMY bila nak refund duit!!! lama dah orang tunggu. orang pun nak pakai duit,2021-02-07 12:10:04,@nurulnataliaa Terima kasih kerana menghubungi kami di Lazada Malaysia. Kami memohon maaf atas kesulitan yang berla… https://t.co/2N8INypolK,2021-02-07 12:14:58,0:04:54
@lazadamy,@ShopeeMY @LazadaMY patut banned je @jntexpressmy nih dari platform e-dagang. Byk sgt issue management dgn staff. T… https://t.co/pELVvGNCiv,2021-02-07 10:58:38,@az_aff1084 Terima kasih kerana menghubungi kami di Lazada Malaysia. Kami memahami keprihatinan anda akan isu ini.… https://t.co/SwvPCgWdfV,2021-02-07 11:01:35,0:02:57
@lazadamy,Buat je lah petition Suruh @ShopeeMY dan @LazadaMY gantung kejap servis @jntexpressmy kalau macam ni. Banyak lagi option lain.,2021-02-07 10:27:28,@_PandakAlam Salam Sejahtera dan terima kasih kerana menghubungi kami di Lazada Malaysia. Silakan DM kami nombor pe… https://t.co/BHCHXjgV8D,2021-02-07 10:43:24,0:15:56
@lazadamy,@deorunner @LazadaMY Adoi pemilihan sampah 🤦🏻,2021-02-07 8:34:54,@zulfadhlizahir Salam Sejahtera dan terima kasih kerana menghubungi kami di Lazada Malaysia. Sekiranya anda mempuny… https://t.co/lggdNrRQ2Z,2021-02-07 8:38:20,0:03:26
@lazadamy,Terbaek @LazadaMY dan Gdex Malaysia.. tak macam J dan T. https://t.co/aeAofdwZPs,2021-02-07 8:28:47,"@afendiothman @LazadaMY Gdex service I selalu guna KL to Penang.. Next day &amp; 2 Hari dah dapat.

I bengang tengok J&amp;T management",2021-02-07 8:43:53,0:15:06
@lazadamy,"@LazadaMY Please update your system to allow users to choose their preferred delivery services such as from GDex, J… https://t.co/tZqDKqlIgp",2021-02-07 7:09:42,"@_syraf_airee_ Thank you for the feedback.We will surely forward it to the relevant team internally for consideration.

Lisa",2021-02-07 7:16:11,0:06:29
@lazadamy,"@izzatkmrdn @AchuNadia rasanya shopee/lazada rasanya diorang yg tanggung kalau kes mcm ni
so seller / buyer x rugi… https://t.co/yRsZ4htLur",2021-02-07 6:34:54,"@MiMeGiKaRi @AchuNadia @ShopeeMY @LazadaMY @myjoe_ Aku pun buyer, banyak barang sangkut ni huhu pishangg",2021-02-07 6:44:43,0:09:49
@lazadamy,@LazadaMY 272693684188526,2021-02-07 4:01:19,"@mr_hungery Kami amat kesali diatas kelewatan barang ini. Kami menasihati agar anda tunggu sehingga minggu hadapan,… https://t.co/TzuI5Fc3H9",2021-02-07 4:10:49,0:09:30
@lazadamy,"Bodohnya @LazadaMY ni, takde sampah lain ke nak buat iklan? https://t.co/bWBey6VObx",2021-02-07 4:00:54,@deorunner @LazadaMY Adoi pemilihan sampah 🤦🏻,2021-02-07 8:34:54,4:34:00
@lazadamy,@InjangNation Sama macam @LazadaMY barang dah dua minggu tak sampai lagi. Kalau nak suruh aku pergi ambik aku boleh… https://t.co/S6U3t4j5Wo,2021-02-07 3:42:49,@mr_hungery Hai mr_hungery. Terima kasih kerana menghubungi Lazada Malaysia. Boleh kami dapatkan nombor pesanan untuk membuat semakan? Elly,2021-02-07 3:55:19,0:12:30
@lazadamy,"@LazadaMY it does not make sense, just to get my mobile number to be unlink from the other account, TAKES 16 BLOODY DAYS",2021-02-08 9:32:14,@MannKaramjit We would like to apologize for your recent experience. We're sorry to hear you were less than satisfi… https://t.co/jkbIeFm0Uh,2021-02-08 10:05:29,0:33:15
@lazadamy,"I'm so glad I learned my lesson from @LazadaMY . Moving forward, will delete my Lazada account in all my devices an… https://t.co/zhqrGaDvgY",2021-02-08 9:29:22,@abbylatif We would like to apologize for your recent experience. We're sorry to hear you were less than satisfied… https://t.co/JaLVYtPxFK,2021-02-08 10:05:14,0:35:52
@lazadamy,"@LazadaMY Dmed. 

Check and Please Response",2021-02-09 8:40:36,"@DrLyia Hi DrLyia,
Be inform that we have responded to your Dm for further assistance. Thank you😊

Dila",2021-02-09 8:51:08,0:10:32
@lazadamy,"I am asking for update, its been hours. At first you guys said, shortly will update. Then after hours, I re chat as… https://t.co/C9KTFUNS2g",2021-02-09 8:34:17,"@DrLyia Hi DrLyia,
Thank you for reaching out to us at Lazada Malaysia. We would like to apologize for your recent… https://t.co/wOc5tEJVkx",2021-02-09 8:37:58,0:03:41
@lazadamy,"@LazadaMY , I waited for my issue to solve by today, but yet, no one email me, even when the working hours is endin… https://t.co/9qHsS6jIAf",2021-02-09 8:27:10,"I am asking for update, its been hours. At first you guys said, shortly will update. Then after hours, I re chat as… https://t.co/C9KTFUNS2g",2021-02-09 8:34:17,0:07:07
@lazadamy,"Pelanggan yang dihormati,

DHL Express Malaysia hanya menyediakan 🌏Penghantaran Ekspres Antarabangsa. Sebarang peng… https://t.co/OB5wDMx6S1",2021-02-09 7:07:06,"Seperti operasi kami, pasukan Perkhidmatan Pelanggan kami juga berbeza dan mereka hanya dapat melihat penghantaran… https://t.co/mmxISvqOp1",2021-02-09 7:07:07,0:00:01
@lazadamy,"@LazadaMY 
Ist ur method to reject appeal when item is missing and incomplete..?

I have 15 parcel arrived from laz… https://t.co/A64YzQf4Cj",2021-02-09 5:53:45,@hakims_hajime Thank you for contacting us at Lazada Malaysia.We would like to help and appreciate if you could pro… https://t.co/lRf9YD51HN,2021-02-09 6:04:22,0:10:37
@lazadamy,@LazadaMY why your platform so shitty? Suspending wallet without even sending notification. Your customer service i… https://t.co/6fy9gRaBjJ,2021-02-09 4:54:12,"@Komathi_CK Hi Komathi_CK
Thank you for reaching out to us at Lazada Malaysia. Our sincerest apologies for the inco… https://t.co/ya3n2rkVes",2021-02-09 5:05:38,0:11:26
@lazadamy,Lesson learn . memang beli kat lazada bulan ni sbb benda murah and free delivery . Tambah pulak ada barang exclusiv… https://t.co/jwSfXI4T5I,2021-02-09 3:58:22,@yourtrulysunflw Selamat datang ke Lazada Malaysia. Kami menghargai maklum balas anda. Terima kasih atas maklum bal… https://t.co/tKGorLYpqJ,2021-02-09 4:00:03,0:01:41
@lazadamy,Aku rasa @ShopeeMY @LazadaMY  dan mana2 syarikat jual online perlu ada sistem rate tambahan iaitu terhadap courier.… https://t.co/UVLk6gyUft,2021-02-09 2:02:27,@mksanihb Hai mksanihb. Thank you for your response and we apologize profusely for the inconvenienced… https://t.co/2u93yfOLEF,2021-02-09 2:07:10,0:04:43
@lazadamy,@LazadaMY Replied,2021-02-10 4:49:04,@mandeepkarpall Please be informed that we have responded via DM Lisa,2021-02-10 4:57:17,0:08:13
@lazadamy,@LazadaMY I just DM you. Tq,2021-02-10 4:42:23,"@mandeepkarpall Please be informed that we have responded via DM

Lisa",2021-02-10 4:44:57,0:02:34
@lazadamy,"Dear @LazadaMY , hari 16 hari barang saya tak sampai lagi. Apabila saya call delivery company, saya diminta call pe… https://t.co/RcNiGfPRfX",2021-02-10 4:39:01,"@mandeepkarpall We'd like to take a closer look at this and assist you accordingly, please provide us your name, em… https://t.co/9gF5i6g71m",2021-02-10 4:40:15,0:01:14
@lazadamy,Kenapa la Lazada Wallet punya sistem betul betul menyusahkan costumer? Tak macam Shopee mudah kan urusan. @LazadaMY,2021-02-10 3:55:03,@ehsanboyz Terima kasih kerana menghubungi kami di Lazada Malaysia. Kami memohon maaf atas kesulitan yang berlaku.… https://t.co/RcX89lnpch,2021-02-10 3:57:57,0:02:54
@lazadamy,"Korang kecam jnt lembab, cuba tengok pula LEL Express ni :

@LazadaMY https://t.co/wcXK96EtF4",2021-02-10 3:04:25,@menteil Terima kasih kerana menghubungi kami di Lazada Malaysia. Kami memohon maaf atas kesulitan yang berlaku. Si… https://t.co/UJxxfsK5mS,2021-02-10 3:22:27,0:18:02
@lazadamy,@LazadaMY contact for what? talk no action robot?already opt that. now moving to kpdnkk tribunal and soon police re… https://t.co/B1tCeWrDLr,2021-02-10 2:47:59,@in2uh Hi in2uh. We sincerely apologize for any inconvenience we have caused you. We truly regret that you were not… https://t.co/ZOWvLjbejB,2021-02-10 2:58:20,0:10:21
@lazadamy,@LazadaMY your lousy platform charge me double and deposit my money into your wallet without my consent. yet refuse… https://t.co/q7PQS8iWaM,2021-02-10 2:30:46,@in2uh Hi in2uh. Thank you for contacting Lazada Malaysia. We truly apologize for the inconvenience. Kindly DM us t… https://t.co/UdBmc6HnNW,2021-02-10 2:37:10,0:06:24
@lazadamy,"@LazadaMY @LazadaMY  Hi team,  by when I will get the refund, from last 5days no update... How much time you require??",2021-02-10 0:55:25,"@kapil_Just_doit Hi kapil_Just_doit,thank you for reaching out to us.Our respective department in the midst of chec… https://t.co/KoRm8KyEeN",2021-02-10 0:57:48,0:02:23
@shopeemy,@rekrazie @ShopeeMY Tudiaaa,2021-02-03 12:33:48,@AmalinaTuna @ShopeeMY Haha!,2021-02-03 12:34:39,0:00:51
@shopeemy,Kecewa betul aku dengan @jntexpressmy dan @ShopeeMY express ni.,2021-02-03 11:42:54,@khairilazizee @jntexpressmy Ingin kami maklumkan juga bahawa kami mengalami peningkatan bungkusan secara mendadak… https://t.co/6EKKNbHyOi,2021-02-03 11:46:57,0:04:03
@shopeemy,@ShopeeMY kenapa tak boleh guna voucher ni 💔 https://t.co/Ucmhv2Df2n,2021-02-03 11:18:34,dah lebih min spend dah tu 💔,2021-02-03 11:21:10,0:02:36
@shopeemy,Hasil jualan 2.2. @ShopeeMY yang dipos harini. Besok akan sambung pos lagi. Terima kasih semua! https://t.co/08nkeldGPg,2021-02-03 10:16:24,@BukuFixi @ShopeeMY Nampak dah ramai yang borong😂 Termasuk hamba🥺✨,2021-02-03 10:39:33,0:23:09
@shopeemy,"about bak kwa. Obviously I said no, I've never called anyone about bak kwa. Then suddenly she said, oh, you made or… https://t.co/V9XSHrfSJZ",2021-02-04 13:20:39,"I've only msged her on @ShopeeMY ONCE to ask abt packaging, she had the nerve to get my number to question me. She… https://t.co/mSxZ4psAyK",2021-02-04 13:25:35,0:04:56
@shopeemy,"Terrible experience with a seller on @ShopeeMY. I initially placed order for 2x250g, but I saw she had sold out opt… https://t.co/NAGz88viIu",2021-02-04 13:15:50,"about bak kwa. Obviously I said no, I've never called anyone about bak kwa. Then suddenly she said, oh, you made or… https://t.co/V9XSHrfSJZ",2021-02-04 13:20:39,0:04:49
@shopeemy,Not sure is it just me or is everybody having problems with shopee sellers posting out your parcel super duper late… https://t.co/pAYaUSueNX,2021-02-04 13:08:07,@nishh0396 @ShopeeMY Mine is fine. But I make sure my sellers are from KL/ Selangor cuz it will reach by 3 days! Ot… https://t.co/mvriys5n4r,2021-02-04 13:18:31,0:10:24
@shopeemy,@ShopeeMY @syabm97 Ayok shoppe balas hahaahha menang lebih sikit je ni 🤣🤣🤣 dia add to cart ni mcm theraphy tau 😂 ad… https://t.co/Aed49FUKPM,2021-02-05 14:12:06,@sitiaminah_amir @ShopeeMY Ehh bukan patut lagi banyak ke 🤔 ke dah banyak kau checkout haha,2021-02-05 14:15:53,0:03:47
@shopeemy,"@ShopeeMY APA You guys sell chocopie on SHOPEE?!!! ASJDGASDHGLA
Our Leader Minji from @hf_dreamcatcher is a superfa… https://t.co/PThrETDnZf",2021-02-05 14:05:34,@DeukaeSmiles Yep! (^_^) https://t.co/NZCcqmjWap,2021-02-05 14:24:14,0:18:40
@shopeemy,@iMrZoul @badchibimama @ShopeeMY 😟,2021-02-06 11:36:38,@IdderesMh @badchibimama @ShopeeMY Kan. 🐷 tau @ShopeeMY Express,2021-02-06 13:22:00,1:45:22
@shopeemy,"@Nuyenggg @ShopeeMY keii!! bendo gini jadi ko hal. hahahahaha tok pehelaa, pelik-pelik sokmo 😅",2021-02-07 13:13:20,"@neejanggg @ShopeeMY Ore lain bercita-cita tinggi nak jadi that rich wife hok buleh hire bibik and goyang kaki, dia… https://t.co/UNkjVQGfB1",2021-02-07 13:16:10,0:02:50
@shopeemy,@oojikun_ @ShopeeMY Nak suruh kau jangan usya Rem pakai bikini lama sangat,2021-02-07 12:43:40,@cuail206 @ShopeeMY First figurine aku tu hahaha,2021-02-07 12:45:32,0:01:52
@shopeemy,Saya mohon @ShopeeMY @LazadaMY bersolidariti bersama-sama dengan pekerja J&amp;T. Minta block atau ban sementara J&amp;T sa… https://t.co/MpCJZxQlfp,2021-02-07 12:43:10,"@mhakmal94 Selamat datang ke Lazada Malaysia dan terima kasih kerana menghubungi kami. Berdasarkan pemeriksaan, lap… https://t.co/BJbVsvwZnr",2021-02-07 12:45:43,0:02:33
@shopeemy,@ShopeeMY &amp; @LazadaMY should really take action with J&amp;T https://t.co/15swfj9wtM,2021-02-07 12:37:46,"@_farid_adam_ Welcome to Lazada Malaysia and thank you for reaching out to us. Based on the checking, the report ha… https://t.co/OrGFdlrhDS",2021-02-07 12:41:43,0:03:57
@shopeemy,F this shop. I should get a transparent one why the hell you give me a translucent one? How can I show my stuff in… https://t.co/oZwJjh5ov1,2021-02-07 11:10:43,@oojikun_ @ShopeeMY Nak suruh kau jangan usya Rem pakai bikini lama sangat,2021-02-07 12:43:40,1:32:57
@shopeemy,@ShopeeMY @LazadaMY patut banned je @jntexpressmy nih dari platform e-dagang. Byk sgt issue management dgn staff. T… https://t.co/pELVvGNCiv,2021-02-07 10:58:38,@az_aff1084 Terima kasih kerana menghubungi kami di Lazada Malaysia. Kami memahami keprihatinan anda akan isu ini.… https://t.co/SwvPCgWdfV,2021-02-07 11:01:35,0:02:57
@shopeemy,"I jenis mudah geli. Tapi hidup ni kita jangan persulitkan, banyak kemudahan yang memudahkan hidup kita sekarang. So… https://t.co/M0MKr2KpqN",2021-02-07 10:33:28,"@Nuyenggg @ShopeeMY keii!! bendo gini jadi ko hal. hahahahaha tok pehelaa, pelik-pelik sokmo 😅",2021-02-07 13:13:20,2:39:52
@shopeemy,"Today marks the first day of my first refund on @ShopeeMY .
As a small business owner the loss is bearable and my c… https://t.co/V3Cph4uu1F",2021-02-08 11:55:35,Other shippings are okay. Most reviews were complementing the way we wrap the bottle. We will approve all the refun… https://t.co/PZZ66OLIW0,2021-02-08 11:58:30,0:02:55
@shopeemy,"@ShopeeMY Aku membeli barang online di shopee, selepas membuat pembayaran, tiada update pembayaran di apps shopee,… https://t.co/4dDdd6ZJBF",2021-02-08 11:54:06,perlukah saya tunggu sistem shopee update? saya juga mempunyai resit bayaran itu.,2021-02-08 11:54:07,0:00:01
@shopeemy,@otykwannie @ShopeeMY,2021-02-08 11:36:49,@mingyuhoney @ShopeeMY yes please,2021-02-08 11:46:23,0:09:34
@shopeemy,@FaizzGhanii @ShopeeMY chem project lain brah sorry,2021-02-08 11:29:50,@areensaude @ShopeeMY Jangan lepas tekok gitu brah ejas wat kij ar,2021-02-08 11:41:42,0:11:52
@shopeemy,@areensaude @ShopeeMY Jaga kaki sikit ar brah chem ku,2021-02-08 11:27:00,@FaizzGhanii @ShopeeMY chem project lain brah sorry,2021-02-08 11:29:50,0:02:50
@shopeemy,@FaizzGhanii @ShopeeMY terlalu watha shopee ku,2021-02-08 11:26:30,@areensaude @ShopeeMY Jaga kaki sikit ar brah chem ku,2021-02-08 11:27:00,0:00:30
@shopeemy,"Barang lain order, barang lain sampai. Aduh menyampoh nya la. Boleh return ke eh? @ShopeeMY",2021-02-08 11:06:42,@FaizzGhanii @ShopeeMY terlalu watha shopee ku,2021-02-08 11:26:30,0:19:48
@shopeemy,padanlah i pelik kenapa takde orang beli rupanya @ShopeeMY i prob 😭😭😭😭😭😭😭😭 . sian cust i nak beli but tak boleh sed… https://t.co/3vd0M3UfOp,2021-02-08 10:48:57,@sucreetasha @ShopeeMY What happennn,2021-02-08 11:53:17,1:04:20
@shopeemy,"Dear @ShopeeMY semoga #RedVelvet bisa jadi BAnya Shopee. Aamiin😭😇

#HiSeulgiDay
#HappySeulgiDay
#210210_두배_행복한_슬탄절
@RVsmtown",2021-02-09 14:17:18,"@oohnurfabaebae Hi :)
Buat masa ni, brand ambassador kami adalah Aniu 😊.
Kelak kalau ada apa-apa collab dengan RV,… https://t.co/riQvRGX9jB",2021-02-09 14:24:25,0:07:07
@shopeemy,"@wankumuk @ShopeeMY For 2nd video, its about reaction of somnias when they see handong 🤤",2021-02-09 13:54:29,@DeukaeSmiles @wankumuk She has no chill :3 https://t.co/XmpqkJv2AG,2021-02-09 14:34:11,0:39:42
@shopeemy,"@wankumuk @ShopeeMY Handong always attac 🥵🔥
https://t.co/vl9b9fHbj0",2021-02-09 13:52:26,"@wankumuk @ShopeeMY For 2nd video, its about reaction of somnias when they see handong 🤤",2021-02-09 13:54:29,0:02:03
@shopeemy,@ShopeeMY @DeukaeSmiles Yes ✊🏼,2021-02-09 13:34:28,"@wankumuk @ShopeeMY Handong always attac 🥵🔥
https://t.co/vl9b9fHbj0",2021-02-09 13:52:26,0:17:58
@shopeemy,@ShopeeMY tak nak buat ke collab dengan ateez ni aduhhhh https://t.co/Dq2WeF9S3V,2021-02-10 11:32:59,@CT__98 Wah maunya apa nih kak :) ^RN,2021-02-10 12:18:12,0:45:13
@shopeemy,@ShopeeMY yeayyyyy 💛🐻 https://t.co/4sO8zIWWWV,2021-02-10 10:14:33,@dinaseulgirene (UwU) https://t.co/Y5QF0iWZK2,2021-02-10 10:22:35,0:08:02
@watsonsmy,@watsonsmy Buat sale banyak-banyak lagi esp for skincare &amp; sheetmask k? 😘,2021-02-03 11:58:48,@Nuyenggg Jgn risau dan nantikan promo yg akan datang sis! Pastikan sis follow FB dan IG kami tau untuk dapatkan update! 🥰,2021-02-03 12:05:50,0:07:02
@watsonsmy,@watsonsmy Laju reply! Anyway thanks for the info. Lepas ni senang skit,2021-02-03 11:29:21,@MuZean Sama2 ❤️ Stay safe ya!,2021-02-03 12:00:16,0:30:55
@watsonsmy,@watsonsmy Kenapa warehouse cancel saya punya order? Then refund x de pun,2021-02-03 11:28:56,"@auninabila_ Hai, maaf atas pengalaman yang kurang memuaskan ini. Kami telahpun DM cik untuk semakan lanjut. Tolong… https://t.co/5fzmUtfSnD",2021-02-03 12:02:37,0:33:41
@watsonsmy,@Nuyenggg @watsonsmy Dove sgt bgus utk kulit kering yeng. Kak paka dove ni. Dh 2 thun paka xtukar hok lain lgi setia dgn dove 👍👍👍,2021-02-03 11:26:01,@CheJijah @watsonsmy Eeeee bestnya dengar review gini! Kak Jijah guna which type? Yeng currently guna hok rose tu.… https://t.co/31zhQ0Uzxr,2021-02-03 11:54:01,0:28:00
@watsonsmy,@watsonsmy Saya kene paksa jadi member,2021-02-03 11:23:08,"@Noralyabatrisy1 Uish, confirm ada benefit sis 😉",2021-02-03 11:25:22,0:02:14
@watsonsmy,@tercidukkkkkk @watsonsmy Mcm mana kau tau serum aku nak habis ni,2021-02-04 12:28:13,@faizzatigamadi Dh cukup bulan tu ahahah,2021-02-04 12:29:23,0:01:10
@watsonsmy,@watsonsmy @faizzatigamadi serum,2021-02-04 11:39:45,@tercidukkkkkk @watsonsmy Mcm mana kau tau serum aku nak habis ni,2021-02-04 12:28:13,0:48:28
@watsonsmy,@watsonsmy How nak transfer points kad lama to kad baru?? Automatic transfer kalau pakai contact number yg Sama ke tak?,2021-02-05 11:42:08,"@zieraahmads Hi there, you can DM us your card number and handphone number to transfer your points. Our customer su… https://t.co/8fRS921tsg",2021-02-05 11:57:37,0:15:29
@watsonsmy,@watsonsmy Mcm mne nak tukar to elite card?,2021-02-05 11:17:03,@zettynooraida Hai Zetty! Sis boleh baca cara untuk qualify for Elite member here 👉 https://t.co/XSyFmPUq94 😉,2021-02-05 12:01:24,0:44:21
@watsonsmy,🛡 RECOMMENDATION: @COSRX Acne Master Pimple Patch 24 Patches PROMO RM15.64 (NP RM17.00) available on @watsonsmy… https://t.co/MInwZWfTdt,2021-02-05 11:12:12,"Just a simple 3-step routine and you can 👉PROTECT, HEAL and PREVENT breakouts caused by mask-ne 😍So easy!",2021-02-05 11:14:00,0:01:48
@watsonsmy,⭐ RECOMMENDATION: @COSRX One Step Original Clear Pads RM72.68 (NP RM79.00) available on @watsonsmy… https://t.co/oE57Kkda5j,2021-02-05 11:09:41,[STEP 3] PROTECT the sensitive breakout area with a pimple patch. Wearing a face mask 😷 directly on top of your pim… https://t.co/s1NwrzhlLm,2021-02-05 11:10:11,0:00:30
@watsonsmy,💫 RECOMMENDATION: @cosrx Salicylic Acid Daily Gentle Cleanser PROMO RM45.08 (NP RM49.00) available on @watsonsmy… https://t.co/VTHmkSHTdq,2021-02-05 11:08:52,[STEP 2]  Sometimes cleansing alone is not enough. 🙅‍♀️ Use GENTLE exfoliating pads to help remove residual impurit… https://t.co/wDvMWuibDO,2021-02-05 11:09:12,0:00:20
@watsonsmy,"MASK-NE drives you CRAZYYY? 🙄 Here's a @COSRX daily routine that can help. This is a thread. 👇
.
.
P/S: You can tot… https://t.co/91zyl1D2yW",2021-02-05 11:07:07,[STEP 1] Proper cleansing is A MUST! 💦 Salicylic Acid is a great ingredient to incorporate into your routine for it… https://t.co/LuXHPkoJMj,2021-02-05 11:07:31,0:00:24
@watsonsmy,@watsonsmy Kumpul point dah lama tapi tak tau apa boleh redeem hahahah 😅 help...,2021-02-05 11:05:41,@mystylss Hai! Anda boleh redeem points bila anda check out dkt kaunter ya 😉 Boleh rujuk VIP FAQ sini 👉 https://t.co/sd9sbhdZpd ❤️,2021-02-05 12:08:29,1:02:48
@watsonsmy,Hi @watsonsmy. Outlet setapak central buka sampai pukul 10 ke?,2021-02-06 10:27:50,@ecvhvhvhvhv Hello! Yes kami buka dari 10am-10pm 😍,2021-02-06 10:39:49,0:11:59
@watsonsmy,@qiemun97 @watsonsmy Cepat2 la habis 🤣,2021-02-07 11:01:35,@myr4___ Sekarang kena catu sis 🤣,2021-02-07 11:16:11,0:14:36
@watsonsmy,"Hi @watsonsmy,
Knpa eh sy x blh nk log in online guna email &amp; password yg sy dh registered? So skrg ni sy x blh nk… https://t.co/7YuA2NYz2q",2021-02-08 11:41:11,@nmla_alng Hai @nmla_alng. Boleh cik tolong DM kami nombor kad anda dan no. telefon cik untuk bantuan selanjutnya? Terima kasih 😊,2021-02-08 11:59:01,0:17:50
@watsonsmy,"@watsonsmy tunggu watson deliver barang la. lama bebeno, status packing je hahahah",2021-02-08 11:19:36,@khrnniza Hi @khrnniza. Maaf atas pengalaman yang kurang memuaskan ini. Kami telahpun DM sis untuk bantuan selajutn… https://t.co/rXEJArqvGX,2021-02-08 11:28:47,0:09:11
@watsonsmy,@watsonsmy Saya beli lipmatte 2 tadi 😜,2021-02-08 10:50:36,@ezarithsofia @watsonsmy saya beli jugak tapi tak bayar lagi duit orang 😅😅💸💸,2021-02-08 12:08:45,1:18:09
@watsonsmy,@watsonsmy @dayahajiz_,2021-02-08 10:00:45,@helloelieyanis @watsonsmy taik,2021-02-08 10:01:21,0:00:36
@watsonsmy,@watsonsmy Selamat petang watsons 😂,2021-02-08 9:34:24,@chillinghan https://t.co/M4SbHmUvo0,2021-02-08 11:41:22,2:06:58
@watsonsmy,wey aku penah mengamuk gak sbb barang @watsonsmy dtg lambat tp just call CS dia jela... sbb 2 bulan tunggu gila lam… https://t.co/VaCAbEgBF3,2021-02-09 12:46:22,@nyctophfilia @watsonsmy Maybe barang yg i beli mmg dpt free hairdyer 🤷🏻‍♀️,2021-02-09 12:52:43,0:06:21
@watsonsmy,I order since 30th Jan tak dapat lagi sampai sekarang. Make sure ada free hairdryer eh @watsonsmy Lama tunggu ni. https://t.co/itYFbOMm8H,2021-02-09 12:23:59,@YayaSaipul @watsonsmy You beli apa? Maybe ada benda yg dalam cart i free hairdryer. Btw i beli on 26/1 hari ni baru dpt,2021-02-09 12:27:08,0:03:09
@watsonsmy,@watsonsmy How much is la roche posay sunscreen after discount?,2021-02-10 12:20:17,@Imanadzhar Hi Iman! It is RM116.76 after discount 😍 You can grab it here 👉 https://t.co/LJJv1wVxaT ❤️,2021-02-10 12:44:05,0:23:48
